image_path,color,type,x,y
/home/set/projects/Solver_new_26/data/raw/chess_pieces/train/black_bishop/black_bishop_1_A1.png,2,bishop,1,1
/home/set/projects/Solver_new_26/data/raw/chess_pieces/train/black_bishop/black_bishop_1_A2.png,2,bishop,1,1
/home/set/projects/Solver_new_26/data/raw/chess_pieces/train/black_bishop/black_bishop_1_A3.png,2,bishop,1,1
/home/set/projects/Solver_new_26/data/raw/chess_pieces/train/black_bishop/black_bishop_1_A4.png,2,bishop,1,1
/home/set/projects/Solver_new_26/data/raw/chess_pieces/train/black_bishop/black_bishop_1_A5.png,2,bishop,1,1
/home/set/projects/Solver_new_26/data/raw/chess_pieces/train/black_bishop/black_bishop_1_A6.png,2,bishop,1,1
/home/set/projects/Solver_new_26/data/raw/chess_pieces/train/black_bishop/black_bishop_1_A7.png,2,bishop,1,1
/home/set/projects/Solver_new_26/data/raw/chess_pieces/train/black_bishop/black_bishop_1_A8.png,2,bishop,1,1
/home/set/projects/Solver_new_26/data/raw/chess_pieces/train/black_bishop/black_bishop_1_B1.png,2,bishop,1,1
/home/set/projects/Solver_new_26/data/raw/chess_pieces/train/black_bishop/black_bishop_1_B2.png,2,bishop,1,1
/home/set/projects/Solver_new_26/data/raw/chess_pieces/train/black_bishop/black_bishop_1_B3.png,2,bishop,1,1
/home/set/projects/Solver_new_26/data/raw/chess_pieces/train/black_bishop/black_bishop_1_B4.png,2,bishop,1,1
/home/set/projects/Solver_new_26/data/raw/chess_pieces/train/black_bishop/black_bishop_1_B5.png,2,bishop,1,1
/home/set/projects/Solver_new_26/data/raw/chess_pieces/train/black_bishop/black_bishop_1_B6.png,2,bishop,1,1
/home/set/projects/Solver_new_26/data/raw/chess_pieces/train/black_bishop/black_bishop_1_B7.png,2,bishop,1,1
/home/set/projects/Solver_new_26/data/raw/chess_pieces/train/black_bishop/black_bishop_1_B8.png,2,bishop,1,1
/home/set/projects/Solver_new_26/data/raw/chess_pieces/train/black_bishop/black_bishop_1_C1.png,2,bishop,1,1
/home/set/projects/Solver_new_26/data/raw/chess_pieces/train/black_bishop/black_bishop_1_C2.png,2,bishop,1,1
/home/set/projects/Solver_new_26/data/raw/chess_pieces/train/black_bishop/black_bishop_1_C3.png,2,bishop,1,1
/home/set/projects/Solver_new_26/data/raw/chess_pieces/train/black_bishop/black_bishop_1_C4.png,2,bishop,1,1
/home/set/projects/Solver_new_26/data/raw/chess_pieces/train/black_bishop/black_bishop_1_C5.png,2,bishop,1,1
/home/set/projects/Solver_new_26/data/raw/chess_pieces/train/black_bishop/black_bishop_1_C6.png,2,bishop,1,1
/home/set/projects/Solver_new_26/data/raw/chess_pieces/train/black_bishop/black_bishop_1_C7.png,2,bishop,1,1
/home/set/projects/Solver_new_26/data/raw/chess_pieces/train/black_bishop/black_bishop_1_C8.png,2,bishop,1,1
/home/set/projects/Solver_new_26/data/raw/chess_pieces/train/black_bishop/black_bishop_1_D1.png,2,bishop,1,1
/home/set/projects/Solver_new_26/data/raw/chess_pieces/train/black_bishop/black_bishop_1_D2.png,2,bishop,1,1
/home/set/projects/Solver_new_26/data/raw/chess_pieces/train/black_bishop/black_bishop_1_D3.png,2,bishop,1,1
/home/set/projects/Solver_new_26/data/raw/chess_pieces/train/black_bishop/black_bishop_1_D4.png,2,bishop,1,1
/home/set/projects/Solver_new_26/data/raw/chess_pieces/train/black_bishop/black_bishop_1_D5.png,2,bishop,1,1
/home/set/projects/Solver_new_26/data/raw/chess_pieces/train/black_bishop/black_bishop_1_D6.png,2,bishop,1,1
/home/set/projects/Solver_new_26/data/raw/chess_pieces/train/black_bishop/black_bishop_1_D7.png,2,bishop,1,1
/home/set/projects/Solver_new_26/data/raw/chess_pieces/train/black_bishop/black_bishop_1_D8.png,2,bishop,1,1
/home/set/projects/Solver_new_26/data/raw/chess_pieces/train/black_bishop/black_bishop_1_E1.png,2,bishop,1,1
/home/set/projects/Solver_new_26/data/raw/chess_pieces/train/black_bishop/black_bishop_1_E2.png,2,bishop,1,1
/home/set/projects/Solver_new_26/data/raw/chess_pieces/train/black_bishop/black_bishop_1_E3.png,2,bishop,1,1
/home/set/projects/Solver_new_26/data/raw/chess_pieces/train/black_bishop/black_bishop_1_E4.png,2,bishop,1,1
/home/set/projects/Solver_new_26/data/raw/chess_pieces/train/black_bishop/black_bishop_1_E5.png,2,bishop,1,1
/home/set/projects/Solver_new_26/data/raw/chess_pieces/train/black_bishop/black_bishop_1_E6.png,2,bishop,1,1
/home/set/projects/Solver_new_26/data/raw/chess_pieces/train/black_bishop/black_bishop_1_E7.png,2,bishop,1,1
/home/set/projects/Solver_new_26/data/raw/chess_pieces/train/black_bishop/black_bishop_1_E8.png,2,bishop,1,1
/home/set/projects/Solver_new_26/data/raw/chess_pieces/train/black_bishop/black_bishop_1_F1.png,2,bishop,1,1
/home/set/projects/Solver_new_26/data/raw/chess_pieces/train/black_bishop/black_bishop_1_F2.png,2,bishop,1,1
/home/set/projects/Solver_new_26/data/raw/chess_pieces/train/black_bishop/black_bishop_1_F3.png,2,bishop,1,1
/home/set/projects/Solver_new_26/data/raw/chess_pieces/train/black_bishop/black_bishop_1_F4.png,2,bishop,1,1
/home/set/projects/Solver_new_26/data/raw/chess_pieces/train/black_bishop/black_bishop_1_F5.png,2,bishop,1,1
/home/set/projects/Solver_new_26/data/raw/chess_pieces/train/black_bishop/black_bishop_1_F6.png,2,bishop,1,1
/home/set/projects/Solver_new_26/data/raw/chess_pieces/train/black_bishop/black_bishop_1_F7.png,2,bishop,1,1
/home/set/projects/Solver_new_26/data/raw/chess_pieces/train/black_bishop/black_bishop_1_F8.png,2,bishop,1,1
/home/set/projects/Solver_new_26/data/raw/chess_pieces/train/black_bishop/black_bishop_1_G1.png,2,bishop,1,1
/home/set/projects/Solver_new_26/data/raw/chess_pieces/train/black_bishop/black_bishop_1_G2.png,2,bishop,1,1
/home/set/projects/Solver_new_26/data/raw/chess_pieces/train/black_bishop/black_bishop_1_G3.png,2,bishop,1,1
/home/set/projects/Solver_new_26/data/raw/chess_pieces/train/black_bishop/black_bishop_1_G4.png,2,bishop,1,1
/home/set/projects/Solver_new_26/data/raw/chess_pieces/train/black_bishop/black_bishop_1_G5.png,2,bishop,1,1
/home/set/projects/Solver_new_26/data/raw/chess_pieces/train/black_bishop/black_bishop_1_G6.png,2,bishop,1,1
/home/set/projects/Solver_new_26/data/raw/chess_pieces/train/black_bishop/black_bishop_1_G7.png,2,bishop,1,1
/home/set/projects/Solver_new_26/data/raw/chess_pieces/train/black_bishop/black_bishop_1_G8.png,2,bishop,1,1
/home/set/projects/Solver_new_26/data/raw/chess_pieces/train/black_bishop/black_bishop_1_H1.png,2,bishop,1,1
/home/set/projects/Solver_new_26/data/raw/chess_pieces/train/black_bishop/black_bishop_1_H2.png,2,bishop,1,1
/home/set/projects/Solver_new_26/data/raw/chess_pieces/train/black_bishop/black_bishop_1_H3.png,2,bishop,1,1
/home/set/projects/Solver_new_26/data/raw/chess_pieces/train/black_bishop/black_bishop_1_H4.png,2,bishop,1,1
/home/set/projects/Solver_new_26/data/raw/chess_pieces/train/black_bishop/black_bishop_1_H5.png,2,bishop,1,1
/home/set/projects/Solver_new_26/data/raw/chess_pieces/train/black_bishop/black_bishop_1_H6.png,2,bishop,1,1
/home/set/projects/Solver_new_26/data/raw/chess_pieces/train/black_bishop/black_bishop_1_H7.png,2,bishop,1,1
/home/set/projects/Solver_new_26/data/raw/chess_pieces/train/black_bishop/black_bishop_1_H8.png,2,bishop,1,1
/home/set/projects/Solver_new_26/data/raw/chess_pieces/train/black_bishop/black_bishop_2_A1.png,2,bishop,1,1
/home/set/projects/Solver_new_26/data/raw/chess_pieces/train/black_bishop/black_bishop_2_A2.png,2,bishop,1,1
/home/set/projects/Solver_new_26/data/raw/chess_pieces/train/black_bishop/black_bishop_2_A3.png,2,bishop,1,1
/home/set/projects/Solver_new_26/data/raw/chess_pieces/train/black_bishop/black_bishop_2_A4.png,2,bishop,1,1
/home/set/projects/Solver_new_26/data/raw/chess_pieces/train/black_bishop/black_bishop_2_A5.png,2,bishop,1,1
/home/set/projects/Solver_new_26/data/raw/chess_pieces/train/black_bishop/black_bishop_2_A6.png,2,bishop,1,1
/home/set/projects/Solver_new_26/data/raw/chess_pieces/train/black_bishop/black_bishop_2_A7.png,2,bishop,1,1
/home/set/projects/Solver_new_26/data/raw/chess_pieces/train/black_bishop/black_bishop_2_A8.png,2,bishop,1,1
/home/set/projects/Solver_new_26/data/raw/chess_pieces/train/black_bishop/black_bishop_2_B1.png,2,bishop,1,1
/home/set/projects/Solver_new_26/data/raw/chess_pieces/train/black_bishop/black_bishop_2_B2.png,2,bishop,1,1
/home/set/projects/Solver_new_26/data/raw/chess_pieces/train/black_bishop/black_bishop_2_B3.png,2,bishop,1,1
/home/set/projects/Solver_new_26/data/raw/chess_pieces/train/black_bishop/black_bishop_2_B4.png,2,bishop,1,1
/home/set/projects/Solver_new_26/data/raw/chess_pieces/train/black_bishop/black_bishop_2_B5.png,2,bishop,1,1
/home/set/projects/Solver_new_26/data/raw/chess_pieces/train/black_bishop/black_bishop_2_B6.png,2,bishop,1,1
/home/set/projects/Solver_new_26/data/raw/chess_pieces/train/black_bishop/black_bishop_2_B7.png,2,bishop,1,1
/home/set/projects/Solver_new_26/data/raw/chess_pieces/train/black_bishop/black_bishop_2_B8.png,2,bishop,1,1
/home/set/projects/Solver_new_26/data/raw/chess_pieces/train/black_bishop/black_bishop_2_C1.png,2,bishop,1,1
/home/set/projects/Solver_new_26/data/raw/chess_pieces/train/black_bishop/black_bishop_2_C2.png,2,bishop,1,1
/home/set/projects/Solver_new_26/data/raw/chess_pieces/train/black_bishop/black_bishop_2_C3.png,2,bishop,1,1
/home/set/projects/Solver_new_26/data/raw/chess_pieces/train/black_bishop/black_bishop_2_C4.png,2,bishop,1,1
/home/set/projects/Solver_new_26/data/raw/chess_pieces/train/black_bishop/black_bishop_2_C5.png,2,bishop,1,1
/home/set/projects/Solver_new_26/data/raw/chess_pieces/train/black_bishop/black_bishop_2_C6.png,2,bishop,1,1
/home/set/projects/Solver_new_26/data/raw/chess_pieces/train/black_bishop/black_bishop_2_C7.png,2,bishop,1,1
/home/set/projects/Solver_new_26/data/raw/chess_pieces/train/black_bishop/black_bishop_2_C8.png,2,bishop,1,1
/home/set/projects/Solver_new_26/data/raw/chess_pieces/train/black_bishop/black_bishop_2_D1.png,2,bishop,1,1
/home/set/projects/Solver_new_26/data/raw/chess_pieces/train/black_bishop/black_bishop_2_D2.png,2,bishop,1,1
/home/set/projects/Solver_new_26/data/raw/chess_pieces/train/black_bishop/black_bishop_2_D3.png,2,bishop,1,1
/home/set/projects/Solver_new_26/data/raw/chess_pieces/train/black_bishop/black_bishop_2_D4.png,2,bishop,1,1
/home/set/projects/Solver_new_26/data/raw/chess_pieces/train/black_bishop/black_bishop_2_D5.png,2,bishop,1,1
/home/set/projects/Solver_new_26/data/raw/chess_pieces/train/black_bishop/black_bishop_2_D6.png,2,bishop,1,1
/home/set/projects/Solver_new_26/data/raw/chess_pieces/train/black_bishop/black_bishop_2_D7.png,2,bishop,1,1
/home/set/projects/Solver_new_26/data/raw/chess_pieces/train/black_bishop/black_bishop_2_D8.png,2,bishop,1,1
/home/set/projects/Solver_new_26/data/raw/chess_pieces/train/black_bishop/black_bishop_2_E1.png,2,bishop,1,1
/home/set/projects/Solver_new_26/data/raw/chess_pieces/train/black_bishop/black_bishop_2_E2.png,2,bishop,1,1
/home/set/projects/Solver_new_26/data/raw/chess_pieces/train/black_bishop/black_bishop_2_E3.png,2,bishop,1,1
/home/set/projects/Solver_new_26/data/raw/chess_pieces/train/black_bishop/black_bishop_2_E4.png,2,bishop,1,1
/home/set/projects/Solver_new_26/data/raw/chess_pieces/train/black_bishop/black_bishop_2_E5.png,2,bishop,1,1
/home/set/projects/Solver_new_26/data/raw/chess_pieces/train/black_bishop/black_bishop_2_E6.png,2,bishop,1,1
/home/set/projects/Solver_new_26/data/raw/chess_pieces/train/black_bishop/black_bishop_2_E7.png,2,bishop,1,1
/home/set/projects/Solver_new_26/data/raw/chess_pieces/train/black_bishop/black_bishop_2_E8.png,2,bishop,1,1
/home/set/projects/Solver_new_26/data/raw/chess_pieces/train/black_bishop/black_bishop_2_F1.png,2,bishop,1,1
/home/set/projects/Solver_new_26/data/raw/chess_pieces/train/black_bishop/black_bishop_2_F2.png,2,bishop,1,1
/home/set/projects/Solver_new_26/data/raw/chess_pieces/train/black_bishop/black_bishop_2_F3.png,2,bishop,1,1
/home/set/projects/Solver_new_26/data/raw/chess_pieces/train/black_bishop/black_bishop_2_F4.png,2,bishop,1,1
/home/set/projects/Solver_new_26/data/raw/chess_pieces/train/black_bishop/black_bishop_2_F5.png,2,bishop,1,1
/home/set/projects/Solver_new_26/data/raw/chess_pieces/train/black_bishop/black_bishop_2_F6.png,2,bishop,1,1
/home/set/projects/Solver_new_26/data/raw/chess_pieces/train/black_bishop/black_bishop_2_F7.png,2,bishop,1,1
/home/set/projects/Solver_new_26/data/raw/chess_pieces/train/black_bishop/black_bishop_2_F8.png,2,bishop,1,1
/home/set/projects/Solver_new_26/data/raw/chess_pieces/train/black_bishop/black_bishop_2_G1.png,2,bishop,1,1
/home/set/projects/Solver_new_26/data/raw/chess_pieces/train/black_bishop/black_bishop_2_G2.png,2,bishop,1,1
/home/set/projects/Solver_new_26/data/raw/chess_pieces/train/black_bishop/black_bishop_2_G3.png,2,bishop,1,1
/home/set/projects/Solver_new_26/data/raw/chess_pieces/train/black_bishop/black_bishop_2_G4.png,2,bishop,1,1
/home/set/projects/Solver_new_26/data/raw/chess_pieces/train/black_bishop/black_bishop_2_G5.png,2,bishop,1,1
/home/set/projects/Solver_new_26/data/raw/chess_pieces/train/black_bishop/black_bishop_2_G6.png,2,bishop,1,1
/home/set/projects/Solver_new_26/data/raw/chess_pieces/train/black_bishop/black_bishop_2_G7.png,2,bishop,1,1
/home/set/projects/Solver_new_26/data/raw/chess_pieces/train/black_bishop/black_bishop_2_G8.png,2,bishop,1,1
/home/set/projects/Solver_new_26/data/raw/chess_pieces/train/black_bishop/black_bishop_2_H1.png,2,bishop,1,1
/home/set/projects/Solver_new_26/data/raw/chess_pieces/train/black_bishop/black_bishop_2_H2.png,2,bishop,1,1
/home/set/projects/Solver_new_26/data/raw/chess_pieces/train/black_bishop/black_bishop_2_H3.png,2,bishop,1,1
/home/set/projects/Solver_new_26/data/raw/chess_pieces/train/black_bishop/black_bishop_2_H4.png,2,bishop,1,1
/home/set/projects/Solver_new_26/data/raw/chess_pieces/train/black_bishop/black_bishop_2_H5.png,2,bishop,1,1
/home/set/projects/Solver_new_26/data/raw/chess_pieces/train/black_bishop/black_bishop_2_H6.png,2,bishop,1,1
/home/set/projects/Solver_new_26/data/raw/chess_pieces/train/black_bishop/black_bishop_2_H7.png,2,bishop,1,1
/home/set/projects/Solver_new_26/data/raw/chess_pieces/train/black_bishop/black_bishop_2_H8.png,2,bishop,1,1
/home/set/projects/Solver_new_26/data/raw/chess_pieces/train/black_bishop/black_bishop_3_A1.png,2,bishop,1,1
/home/set/projects/Solver_new_26/data/raw/chess_pieces/train/black_bishop/black_bishop_3_A2.png,2,bishop,1,1
/home/set/projects/Solver_new_26/data/raw/chess_pieces/train/black_bishop/black_bishop_3_A3.png,2,bishop,1,1
/home/set/projects/Solver_new_26/data/raw/chess_pieces/train/black_bishop/black_bishop_3_A4.png,2,bishop,1,1
/home/set/projects/Solver_new_26/data/raw/chess_pieces/train/black_bishop/black_bishop_3_A5.png,2,bishop,1,1
/home/set/projects/Solver_new_26/data/raw/chess_pieces/train/black_bishop/black_bishop_3_A6.png,2,bishop,1,1
/home/set/projects/Solver_new_26/data/raw/chess_pieces/train/black_bishop/black_bishop_3_A7.png,2,bishop,1,1
/home/set/projects/Solver_new_26/data/raw/chess_pieces/train/black_bishop/black_bishop_3_A8.png,2,bishop,1,1
/home/set/projects/Solver_new_26/data/raw/chess_pieces/train/black_bishop/black_bishop_3_B1.png,2,bishop,1,1
/home/set/projects/Solver_new_26/data/raw/chess_pieces/train/black_bishop/black_bishop_3_B2.png,2,bishop,1,1
/home/set/projects/Solver_new_26/data/raw/chess_pieces/train/black_bishop/black_bishop_3_B3.png,2,bishop,1,1
/home/set/projects/Solver_new_26/data/raw/chess_pieces/train/black_bishop/black_bishop_3_B4.png,2,bishop,1,1
/home/set/projects/Solver_new_26/data/raw/chess_pieces/train/black_bishop/black_bishop_3_B5.png,2,bishop,1,1
/home/set/projects/Solver_new_26/data/raw/chess_pieces/train/black_bishop/black_bishop_3_B6.png,2,bishop,1,1
/home/set/projects/Solver_new_26/data/raw/chess_pieces/train/black_bishop/black_bishop_3_B7.png,2,bishop,1,1
/home/set/projects/Solver_new_26/data/raw/chess_pieces/train/black_bishop/black_bishop_3_B8.png,2,bishop,1,1
/home/set/projects/Solver_new_26/data/raw/chess_pieces/train/black_bishop/black_bishop_3_C1.png,2,bishop,1,1
/home/set/projects/Solver_new_26/data/raw/chess_pieces/train/black_bishop/black_bishop_3_C2.png,2,bishop,1,1
/home/set/projects/Solver_new_26/data/raw/chess_pieces/train/black_bishop/black_bishop_3_C3.png,2,bishop,1,1
/home/set/projects/Solver_new_26/data/raw/chess_pieces/train/black_bishop/black_bishop_3_C4.png,2,bishop,1,1
/home/set/projects/Solver_new_26/data/raw/chess_pieces/train/black_bishop/black_bishop_3_C5.png,2,bishop,1,1
/home/set/projects/Solver_new_26/data/raw/chess_pieces/train/black_bishop/black_bishop_3_C6.png,2,bishop,1,1
/home/set/projects/Solver_new_26/data/raw/chess_pieces/train/black_bishop/black_bishop_3_C7.png,2,bishop,1,1
/home/set/projects/Solver_new_26/data/raw/chess_pieces/train/black_bishop/black_bishop_3_C8.png,2,bishop,1,1
/home/set/projects/Solver_new_26/data/raw/chess_pieces/train/black_bishop/black_bishop_3_D1.png,2,bishop,1,1
/home/set/projects/Solver_new_26/data/raw/chess_pieces/train/black_bishop/black_bishop_3_D2.png,2,bishop,1,1
/home/set/projects/Solver_new_26/data/raw/chess_pieces/train/black_bishop/black_bishop_3_D3.png,2,bishop,1,1
/home/set/projects/Solver_new_26/data/raw/chess_pieces/train/black_bishop/black_bishop_3_D4.png,2,bishop,1,1
/home/set/projects/Solver_new_26/data/raw/chess_pieces/train/black_bishop/black_bishop_3_D5.png,2,bishop,1,1
/home/set/projects/Solver_new_26/data/raw/chess_pieces/train/black_bishop/black_bishop_3_D6.png,2,bishop,1,1
/home/set/projects/Solver_new_26/data/raw/chess_pieces/train/black_bishop/black_bishop_3_D7.png,2,bishop,1,1
/home/set/projects/Solver_new_26/data/raw/chess_pieces/train/black_bishop/black_bishop_3_D8.png,2,bishop,1,1
/home/set/projects/Solver_new_26/data/raw/chess_pieces/train/black_bishop/black_bishop_3_E1.png,2,bishop,1,1
/home/set/projects/Solver_new_26/data/raw/chess_pieces/train/black_bishop/black_bishop_3_E2.png,2,bishop,1,1
/home/set/projects/Solver_new_26/data/raw/chess_pieces/train/black_bishop/black_bishop_3_E3.png,2,bishop,1,1
/home/set/projects/Solver_new_26/data/raw/chess_pieces/train/black_bishop/black_bishop_3_E4.png,2,bishop,1,1
/home/set/projects/Solver_new_26/data/raw/chess_pieces/train/black_bishop/black_bishop_3_E5.png,2,bishop,1,1
/home/set/projects/Solver_new_26/data/raw/chess_pieces/train/black_bishop/black_bishop_3_E6.png,2,bishop,1,1
/home/set/projects/Solver_new_26/data/raw/chess_pieces/train/black_bishop/black_bishop_3_E7.png,2,bishop,1,1
/home/set/projects/Solver_new_26/data/raw/chess_pieces/train/black_bishop/black_bishop_3_E8.png,2,bishop,1,1
/home/set/projects/Solver_new_26/data/raw/chess_pieces/train/black_bishop/black_bishop_3_F1.png,2,bishop,1,1
/home/set/projects/Solver_new_26/data/raw/chess_pieces/train/black_bishop/black_bishop_3_F2.png,2,bishop,1,1
/home/set/projects/Solver_new_26/data/raw/chess_pieces/train/black_bishop/black_bishop_3_F3.png,2,bishop,1,1
/home/set/projects/Solver_new_26/data/raw/chess_pieces/train/black_bishop/black_bishop_3_F4.png,2,bishop,1,1
/home/set/projects/Solver_new_26/data/raw/chess_pieces/train/black_bishop/black_bishop_3_F5.png,2,bishop,1,1
/home/set/projects/Solver_new_26/data/raw/chess_pieces/train/black_bishop/black_bishop_3_F6.png,2,bishop,1,1
/home/set/projects/Solver_new_26/data/raw/chess_pieces/train/black_bishop/black_bishop_3_F7.png,2,bishop,1,1
/home/set/projects/Solver_new_26/data/raw/chess_pieces/train/black_bishop/black_bishop_3_F8.png,2,bishop,1,1
/home/set/projects/Solver_new_26/data/raw/chess_pieces/train/black_bishop/black_bishop_3_G1.png,2,bishop,1,1
/home/set/projects/Solver_new_26/data/raw/chess_pieces/train/black_bishop/black_bishop_3_G2.png,2,bishop,1,1
/home/set/projects/Solver_new_26/data/raw/chess_pieces/train/black_bishop/black_bishop_3_G3.png,2,bishop,1,1
/home/set/projects/Solver_new_26/data/raw/chess_pieces/train/black_bishop/black_bishop_3_G4.png,2,bishop,1,1
/home/set/projects/Solver_new_26/data/raw/chess_pieces/train/black_bishop/black_bishop_3_G5.png,2,bishop,1,1
/home/set/projects/Solver_new_26/data/raw/chess_pieces/train/black_bishop/black_bishop_3_G6.png,2,bishop,1,1
/home/set/projects/Solver_new_26/data/raw/chess_pieces/train/black_bishop/black_bishop_3_G7.png,2,bishop,1,1
/home/set/projects/Solver_new_26/data/raw/chess_pieces/train/black_bishop/black_bishop_3_G8.png,2,bishop,1,1
/home/set/projects/Solver_new_26/data/raw/chess_pieces/train/black_bishop/black_bishop_3_H1.png,2,bishop,1,1
/home/set/projects/Solver_new_26/data/raw/chess_pieces/train/black_bishop/black_bishop_3_H2.png,2,bishop,1,1
/home/set/projects/Solver_new_26/data/raw/chess_pieces/train/black_bishop/black_bishop_3_H3.png,2,bishop,1,1
/home/set/projects/Solver_new_26/data/raw/chess_pieces/train/black_bishop/black_bishop_3_H4.png,2,bishop,1,1
/home/set/projects/Solver_new_26/data/raw/chess_pieces/train/black_bishop/black_bishop_3_H5.png,2,bishop,1,1
/home/set/projects/Solver_new_26/data/raw/chess_pieces/train/black_bishop/black_bishop_3_H6.png,2,bishop,1,1
/home/set/projects/Solver_new_26/data/raw/chess_pieces/train/black_bishop/black_bishop_3_H7.png,2,bishop,1,1
/home/set/projects/Solver_new_26/data/raw/chess_pieces/train/black_bishop/black_bishop_3_H8.png,2,bishop,1,1
/home/set/projects/Solver_new_26/data/raw/chess_pieces/train/black_king/black_king_1_A1.png,2,king,1,1
/home/set/projects/Solver_new_26/data/raw/chess_pieces/train/black_king/black_king_1_A2.png,2,king,1,1
/home/set/projects/Solver_new_26/data/raw/chess_pieces/train/black_king/black_king_1_A3.png,2,king,1,1
/home/set/projects/Solver_new_26/data/raw/chess_pieces/train/black_king/black_king_1_A4.png,2,king,1,1
/home/set/projects/Solver_new_26/data/raw/chess_pieces/train/black_king/black_king_1_A5.png,2,king,1,1
/home/set/projects/Solver_new_26/data/raw/chess_pieces/train/black_king/black_king_1_A6.png,2,king,1,1
/home/set/projects/Solver_new_26/data/raw/chess_pieces/train/black_king/black_king_1_A7.png,2,king,1,1
/home/set/projects/Solver_new_26/data/raw/chess_pieces/train/black_king/black_king_1_A8.png,2,king,1,1
/home/set/projects/Solver_new_26/data/raw/chess_pieces/train/black_king/black_king_1_B1.png,2,king,1,1
/home/set/projects/Solver_new_26/data/raw/chess_pieces/train/black_king/black_king_1_B2.png,2,king,1,1
/home/set/projects/Solver_new_26/data/raw/chess_pieces/train/black_king/black_king_1_B3.png,2,king,1,1
/home/set/projects/Solver_new_26/data/raw/chess_pieces/train/black_king/black_king_1_B4.png,2,king,1,1
/home/set/projects/Solver_new_26/data/raw/chess_pieces/train/black_king/black_king_1_B5.png,2,king,1,1
/home/set/projects/Solver_new_26/data/raw/chess_pieces/train/black_king/black_king_1_B6.png,2,king,1,1
/home/set/projects/Solver_new_26/data/raw/chess_pieces/train/black_king/black_king_1_B7.png,2,king,1,1
/home/set/projects/Solver_new_26/data/raw/chess_pieces/train/black_king/black_king_1_B8.png,2,king,1,1
/home/set/projects/Solver_new_26/data/raw/chess_pieces/train/black_king/black_king_1_C1.png,2,king,1,1
/home/set/projects/Solver_new_26/data/raw/chess_pieces/train/black_king/black_king_1_C2.png,2,king,1,1
/home/set/projects/Solver_new_26/data/raw/chess_pieces/train/black_king/black_king_1_C3.png,2,king,1,1
/home/set/projects/Solver_new_26/data/raw/chess_pieces/train/black_king/black_king_1_C4.png,2,king,1,1
/home/set/projects/Solver_new_26/data/raw/chess_pieces/train/black_king/black_king_1_C5.png,2,king,1,1
/home/set/projects/Solver_new_26/data/raw/chess_pieces/train/black_king/black_king_1_C6.png,2,king,1,1
/home/set/projects/Solver_new_26/data/raw/chess_pieces/train/black_king/black_king_1_C7.png,2,king,1,1
/home/set/projects/Solver_new_26/data/raw/chess_pieces/train/black_king/black_king_1_C8.png,2,king,1,1
/home/set/projects/Solver_new_26/data/raw/chess_pieces/train/black_king/black_king_1_D1.png,2,king,1,1
/home/set/projects/Solver_new_26/data/raw/chess_pieces/train/black_king/black_king_1_D2.png,2,king,1,1
/home/set/projects/Solver_new_26/data/raw/chess_pieces/train/black_king/black_king_1_D3.png,2,king,1,1
/home/set/projects/Solver_new_26/data/raw/chess_pieces/train/black_king/black_king_1_D4.png,2,king,1,1
/home/set/projects/Solver_new_26/data/raw/chess_pieces/train/black_king/black_king_1_D5.png,2,king,1,1
/home/set/projects/Solver_new_26/data/raw/chess_pieces/train/black_king/black_king_1_D6.png,2,king,1,1
/home/set/projects/Solver_new_26/data/raw/chess_pieces/train/black_king/black_king_1_D7.png,2,king,1,1
/home/set/projects/Solver_new_26/data/raw/chess_pieces/train/black_king/black_king_1_D8.png,2,king,1,1
/home/set/projects/Solver_new_26/data/raw/chess_pieces/train/black_king/black_king_1_E1.png,2,king,1,1
/home/set/projects/Solver_new_26/data/raw/chess_pieces/train/black_king/black_king_1_E2.png,2,king,1,1
/home/set/projects/Solver_new_26/data/raw/chess_pieces/train/black_king/black_king_1_E3.png,2,king,1,1
/home/set/projects/Solver_new_26/data/raw/chess_pieces/train/black_king/black_king_1_E4.png,2,king,1,1
/home/set/projects/Solver_new_26/data/raw/chess_pieces/train/black_king/black_king_1_E5.png,2,king,1,1
/home/set/projects/Solver_new_26/data/raw/chess_pieces/train/black_king/black_king_1_E6.png,2,king,1,1
/home/set/projects/Solver_new_26/data/raw/chess_pieces/train/black_king/black_king_1_E7.png,2,king,1,1
/home/set/projects/Solver_new_26/data/raw/chess_pieces/train/black_king/black_king_1_E8.png,2,king,1,1
/home/set/projects/Solver_new_26/data/raw/chess_pieces/train/black_king/black_king_1_F1.png,2,king,1,1
/home/set/projects/Solver_new_26/data/raw/chess_pieces/train/black_king/black_king_1_F2.png,2,king,1,1
/home/set/projects/Solver_new_26/data/raw/chess_pieces/train/black_king/black_king_1_F3.png,2,king,1,1
/home/set/projects/Solver_new_26/data/raw/chess_pieces/train/black_king/black_king_1_F4.png,2,king,1,1
/home/set/projects/Solver_new_26/data/raw/chess_pieces/train/black_king/black_king_1_F5.png,2,king,1,1
/home/set/projects/Solver_new_26/data/raw/chess_pieces/train/black_king/black_king_1_F6.png,2,king,1,1
/home/set/projects/Solver_new_26/data/raw/chess_pieces/train/black_king/black_king_1_F7.png,2,king,1,1
/home/set/projects/Solver_new_26/data/raw/chess_pieces/train/black_king/black_king_1_F8.png,2,king,1,1
/home/set/projects/Solver_new_26/data/raw/chess_pieces/train/black_king/black_king_1_G1.png,2,king,1,1
/home/set/projects/Solver_new_26/data/raw/chess_pieces/train/black_king/black_king_1_G2.png,2,king,1,1
/home/set/projects/Solver_new_26/data/raw/chess_pieces/train/black_king/black_king_1_G3.png,2,king,1,1
/home/set/projects/Solver_new_26/data/raw/chess_pieces/train/black_king/black_king_1_G4.png,2,king,1,1
/home/set/projects/Solver_new_26/data/raw/chess_pieces/train/black_king/black_king_1_G5.png,2,king,1,1
/home/set/projects/Solver_new_26/data/raw/chess_pieces/train/black_king/black_king_1_G6.png,2,king,1,1
/home/set/projects/Solver_new_26/data/raw/chess_pieces/train/black_king/black_king_1_G7.png,2,king,1,1
/home/set/projects/Solver_new_26/data/raw/chess_pieces/train/black_king/black_king_1_G8.png,2,king,1,1
/home/set/projects/Solver_new_26/data/raw/chess_pieces/train/black_king/black_king_1_H1.png,2,king,1,1
/home/set/projects/Solver_new_26/data/raw/chess_pieces/train/black_king/black_king_1_H2.png,2,king,1,1
/home/set/projects/Solver_new_26/data/raw/chess_pieces/train/black_king/black_king_1_H3.png,2,king,1,1
/home/set/projects/Solver_new_26/data/raw/chess_pieces/train/black_king/black_king_1_H4.png,2,king,1,1
/home/set/projects/Solver_new_26/data/raw/chess_pieces/train/black_king/black_king_1_H5.png,2,king,1,1
/home/set/projects/Solver_new_26/data/raw/chess_pieces/train/black_king/black_king_1_H6.png,2,king,1,1
/home/set/projects/Solver_new_26/data/raw/chess_pieces/train/black_king/black_king_1_H7.png,2,king,1,1
/home/set/projects/Solver_new_26/data/raw/chess_pieces/train/black_king/black_king_1_H8.png,2,king,1,1
/home/set/projects/Solver_new_26/data/raw/chess_pieces/train/black_king/black_king_2_A1.png,2,king,1,1
/home/set/projects/Solver_new_26/data/raw/chess_pieces/train/black_king/black_king_2_A2.png,2,king,1,1
/home/set/projects/Solver_new_26/data/raw/chess_pieces/train/black_king/black_king_2_A3.png,2,king,1,1
/home/set/projects/Solver_new_26/data/raw/chess_pieces/train/black_king/black_king_2_A4.png,2,king,1,1
/home/set/projects/Solver_new_26/data/raw/chess_pieces/train/black_king/black_king_2_A5.png,2,king,1,1
/home/set/projects/Solver_new_26/data/raw/chess_pieces/train/black_king/black_king_2_A6.png,2,king,1,1
/home/set/projects/Solver_new_26/data/raw/chess_pieces/train/black_king/black_king_2_A7.png,2,king,1,1
/home/set/projects/Solver_new_26/data/raw/chess_pieces/train/black_king/black_king_2_A8.png,2,king,1,1
/home/set/projects/Solver_new_26/data/raw/chess_pieces/train/black_king/black_king_2_B1.png,2,king,1,1
/home/set/projects/Solver_new_26/data/raw/chess_pieces/train/black_king/black_king_2_B2.png,2,king,1,1
/home/set/projects/Solver_new_26/data/raw/chess_pieces/train/black_king/black_king_2_B3.png,2,king,1,1
/home/set/projects/Solver_new_26/data/raw/chess_pieces/train/black_king/black_king_2_B4.png,2,king,1,1
/home/set/projects/Solver_new_26/data/raw/chess_pieces/train/black_king/black_king_2_B5.png,2,king,1,1
/home/set/projects/Solver_new_26/data/raw/chess_pieces/train/black_king/black_king_2_B6.png,2,king,1,1
/home/set/projects/Solver_new_26/data/raw/chess_pieces/train/black_king/black_king_2_B7.png,2,king,1,1
/home/set/projects/Solver_new_26/data/raw/chess_pieces/train/black_king/black_king_2_B8.png,2,king,1,1
/home/set/projects/Solver_new_26/data/raw/chess_pieces/train/black_king/black_king_2_C1.png,2,king,1,1
/home/set/projects/Solver_new_26/data/raw/chess_pieces/train/black_king/black_king_2_C2.png,2,king,1,1
/home/set/projects/Solver_new_26/data/raw/chess_pieces/train/black_king/black_king_2_C3.png,2,king,1,1
/home/set/projects/Solver_new_26/data/raw/chess_pieces/train/black_king/black_king_2_C4.png,2,king,1,1
/home/set/projects/Solver_new_26/data/raw/chess_pieces/train/black_king/black_king_2_C5.png,2,king,1,1
/home/set/projects/Solver_new_26/data/raw/chess_pieces/train/black_king/black_king_2_C6.png,2,king,1,1
/home/set/projects/Solver_new_26/data/raw/chess_pieces/train/black_king/black_king_2_C7.png,2,king,1,1
/home/set/projects/Solver_new_26/data/raw/chess_pieces/train/black_king/black_king_2_C8.png,2,king,1,1
/home/set/projects/Solver_new_26/data/raw/chess_pieces/train/black_king/black_king_2_D1.png,2,king,1,1
/home/set/projects/Solver_new_26/data/raw/chess_pieces/train/black_king/black_king_2_D2.png,2,king,1,1
/home/set/projects/Solver_new_26/data/raw/chess_pieces/train/black_king/black_king_2_D3.png,2,king,1,1
/home/set/projects/Solver_new_26/data/raw/chess_pieces/train/black_king/black_king_2_D4.png,2,king,1,1
/home/set/projects/Solver_new_26/data/raw/chess_pieces/train/black_king/black_king_2_D5.png,2,king,1,1
/home/set/projects/Solver_new_26/data/raw/chess_pieces/train/black_king/black_king_2_D6.png,2,king,1,1
/home/set/projects/Solver_new_26/data/raw/chess_pieces/train/black_king/black_king_2_D7.png,2,king,1,1
/home/set/projects/Solver_new_26/data/raw/chess_pieces/train/black_king/black_king_2_D8.png,2,king,1,1
/home/set/projects/Solver_new_26/data/raw/chess_pieces/train/black_king/black_king_2_E1.png,2,king,1,1
/home/set/projects/Solver_new_26/data/raw/chess_pieces/train/black_king/black_king_2_E2.png,2,king,1,1
/home/set/projects/Solver_new_26/data/raw/chess_pieces/train/black_king/black_king_2_E3.png,2,king,1,1
/home/set/projects/Solver_new_26/data/raw/chess_pieces/train/black_king/black_king_2_E4.png,2,king,1,1
/home/set/projects/Solver_new_26/data/raw/chess_pieces/train/black_king/black_king_2_E5.png,2,king,1,1
/home/set/projects/Solver_new_26/data/raw/chess_pieces/train/black_king/black_king_2_E6.png,2,king,1,1
/home/set/projects/Solver_new_26/data/raw/chess_pieces/train/black_king/black_king_2_E7.png,2,king,1,1
/home/set/projects/Solver_new_26/data/raw/chess_pieces/train/black_king/black_king_2_E8.png,2,king,1,1
/home/set/projects/Solver_new_26/data/raw/chess_pieces/train/black_king/black_king_2_F1.png,2,king,1,1
/home/set/projects/Solver_new_26/data/raw/chess_pieces/train/black_king/black_king_2_F2.png,2,king,1,1
/home/set/projects/Solver_new_26/data/raw/chess_pieces/train/black_king/black_king_2_F3.png,2,king,1,1
/home/set/projects/Solver_new_26/data/raw/chess_pieces/train/black_king/black_king_2_F4.png,2,king,1,1
/home/set/projects/Solver_new_26/data/raw/chess_pieces/train/black_king/black_king_2_F5.png,2,king,1,1
/home/set/projects/Solver_new_26/data/raw/chess_pieces/train/black_king/black_king_2_F6.png,2,king,1,1
/home/set/projects/Solver_new_26/data/raw/chess_pieces/train/black_king/black_king_2_F7.png,2,king,1,1
/home/set/projects/Solver_new_26/data/raw/chess_pieces/train/black_king/black_king_2_F8.png,2,king,1,1
/home/set/projects/Solver_new_26/data/raw/chess_pieces/train/black_king/black_king_2_G1.png,2,king,1,1
/home/set/projects/Solver_new_26/data/raw/chess_pieces/train/black_king/black_king_2_G2.png,2,king,1,1
/home/set/projects/Solver_new_26/data/raw/chess_pieces/train/black_king/black_king_2_G3.png,2,king,1,1
/home/set/projects/Solver_new_26/data/raw/chess_pieces/train/black_king/black_king_2_G4.png,2,king,1,1
/home/set/projects/Solver_new_26/data/raw/chess_pieces/train/black_king/black_king_2_G5.png,2,king,1,1
/home/set/projects/Solver_new_26/data/raw/chess_pieces/train/black_king/black_king_2_G6.png,2,king,1,1
/home/set/projects/Solver_new_26/data/raw/chess_pieces/train/black_king/black_king_2_G7.png,2,king,1,1
/home/set/projects/Solver_new_26/data/raw/chess_pieces/train/black_king/black_king_2_G8.png,2,king,1,1
/home/set/projects/Solver_new_26/data/raw/chess_pieces/train/black_king/black_king_2_H1.png,2,king,1,1
/home/set/projects/Solver_new_26/data/raw/chess_pieces/train/black_king/black_king_2_H2.png,2,king,1,1
/home/set/projects/Solver_new_26/data/raw/chess_pieces/train/black_king/black_king_2_H3.png,2,king,1,1
/home/set/projects/Solver_new_26/data/raw/chess_pieces/train/black_king/black_king_2_H4.png,2,king,1,1
/home/set/projects/Solver_new_26/data/raw/chess_pieces/train/black_king/black_king_2_H5.png,2,king,1,1
/home/set/projects/Solver_new_26/data/raw/chess_pieces/train/black_king/black_king_2_H6.png,2,king,1,1
/home/set/projects/Solver_new_26/data/raw/chess_pieces/train/black_king/black_king_2_H7.png,2,king,1,1
/home/set/projects/Solver_new_26/data/raw/chess_pieces/train/black_king/black_king_2_H8.png,2,king,1,1
/home/set/projects/Solver_new_26/data/raw/chess_pieces/train/black_king/black_king_3_A1.png,2,king,1,1
/home/set/projects/Solver_new_26/data/raw/chess_pieces/train/black_king/black_king_3_A2.png,2,king,1,1
/home/set/projects/Solver_new_26/data/raw/chess_pieces/train/black_king/black_king_3_A3.png,2,king,1,1
/home/set/projects/Solver_new_26/data/raw/chess_pieces/train/black_king/black_king_3_A4.png,2,king,1,1
/home/set/projects/Solver_new_26/data/raw/chess_pieces/train/black_king/black_king_3_A5.png,2,king,1,1
/home/set/projects/Solver_new_26/data/raw/chess_pieces/train/black_king/black_king_3_A6.png,2,king,1,1
/home/set/projects/Solver_new_26/data/raw/chess_pieces/train/black_king/black_king_3_A7.png,2,king,1,1
/home/set/projects/Solver_new_26/data/raw/chess_pieces/train/black_king/black_king_3_A8.png,2,king,1,1
/home/set/projects/Solver_new_26/data/raw/chess_pieces/train/black_king/black_king_3_B1.png,2,king,1,1
/home/set/projects/Solver_new_26/data/raw/chess_pieces/train/black_king/black_king_3_B2.png,2,king,1,1
/home/set/projects/Solver_new_26/data/raw/chess_pieces/train/black_king/black_king_3_B3.png,2,king,1,1
/home/set/projects/Solver_new_26/data/raw/chess_pieces/train/black_king/black_king_3_B4.png,2,king,1,1
/home/set/projects/Solver_new_26/data/raw/chess_pieces/train/black_king/black_king_3_B5.png,2,king,1,1
/home/set/projects/Solver_new_26/data/raw/chess_pieces/train/black_king/black_king_3_B6.png,2,king,1,1
/home/set/projects/Solver_new_26/data/raw/chess_pieces/train/black_king/black_king_3_B7.png,2,king,1,1
/home/set/projects/Solver_new_26/data/raw/chess_pieces/train/black_king/black_king_3_B8.png,2,king,1,1
/home/set/projects/Solver_new_26/data/raw/chess_pieces/train/black_king/black_king_3_C1.png,2,king,1,1
/home/set/projects/Solver_new_26/data/raw/chess_pieces/train/black_king/black_king_3_C2.png,2,king,1,1
/home/set/projects/Solver_new_26/data/raw/chess_pieces/train/black_king/black_king_3_C3.png,2,king,1,1
/home/set/projects/Solver_new_26/data/raw/chess_pieces/train/black_king/black_king_3_C4.png,2,king,1,1
/home/set/projects/Solver_new_26/data/raw/chess_pieces/train/black_king/black_king_3_C5.png,2,king,1,1
/home/set/projects/Solver_new_26/data/raw/chess_pieces/train/black_king/black_king_3_C6.png,2,king,1,1
/home/set/projects/Solver_new_26/data/raw/chess_pieces/train/black_king/black_king_3_C7.png,2,king,1,1
/home/set/projects/Solver_new_26/data/raw/chess_pieces/train/black_king/black_king_3_C8.png,2,king,1,1
/home/set/projects/Solver_new_26/data/raw/chess_pieces/train/black_king/black_king_3_D1.png,2,king,1,1
/home/set/projects/Solver_new_26/data/raw/chess_pieces/train/black_king/black_king_3_D2.png,2,king,1,1
/home/set/projects/Solver_new_26/data/raw/chess_pieces/train/black_king/black_king_3_D3.png,2,king,1,1
/home/set/projects/Solver_new_26/data/raw/chess_pieces/train/black_king/black_king_3_D4.png,2,king,1,1
/home/set/projects/Solver_new_26/data/raw/chess_pieces/train/black_king/black_king_3_D5.png,2,king,1,1
/home/set/projects/Solver_new_26/data/raw/chess_pieces/train/black_king/black_king_3_D6.png,2,king,1,1
/home/set/projects/Solver_new_26/data/raw/chess_pieces/train/black_king/black_king_3_D7.png,2,king,1,1
/home/set/projects/Solver_new_26/data/raw/chess_pieces/train/black_king/black_king_3_D8.png,2,king,1,1
/home/set/projects/Solver_new_26/data/raw/chess_pieces/train/black_king/black_king_3_E1.png,2,king,1,1
/home/set/projects/Solver_new_26/data/raw/chess_pieces/train/black_king/black_king_3_E2.png,2,king,1,1
/home/set/projects/Solver_new_26/data/raw/chess_pieces/train/black_king/black_king_3_E3.png,2,king,1,1
/home/set/projects/Solver_new_26/data/raw/chess_pieces/train/black_king/black_king_3_E4.png,2,king,1,1
/home/set/projects/Solver_new_26/data/raw/chess_pieces/train/black_king/black_king_3_E5.png,2,king,1,1
/home/set/projects/Solver_new_26/data/raw/chess_pieces/train/black_king/black_king_3_E6.png,2,king,1,1
/home/set/projects/Solver_new_26/data/raw/chess_pieces/train/black_king/black_king_3_E7.png,2,king,1,1
/home/set/projects/Solver_new_26/data/raw/chess_pieces/train/black_king/black_king_3_E8.png,2,king,1,1
/home/set/projects/Solver_new_26/data/raw/chess_pieces/train/black_king/black_king_3_F1.png,2,king,1,1
/home/set/projects/Solver_new_26/data/raw/chess_pieces/train/black_king/black_king_3_F2.png,2,king,1,1
/home/set/projects/Solver_new_26/data/raw/chess_pieces/train/black_king/black_king_3_F3.png,2,king,1,1
/home/set/projects/Solver_new_26/data/raw/chess_pieces/train/black_king/black_king_3_F4.png,2,king,1,1
/home/set/projects/Solver_new_26/data/raw/chess_pieces/train/black_king/black_king_3_F5.png,2,king,1,1
/home/set/projects/Solver_new_26/data/raw/chess_pieces/train/black_king/black_king_3_F6.png,2,king,1,1
/home/set/projects/Solver_new_26/data/raw/chess_pieces/train/black_king/black_king_3_F7.png,2,king,1,1
/home/set/projects/Solver_new_26/data/raw/chess_pieces/train/black_king/black_king_3_F8.png,2,king,1,1
/home/set/projects/Solver_new_26/data/raw/chess_pieces/train/black_king/black_king_3_G1.png,2,king,1,1
/home/set/projects/Solver_new_26/data/raw/chess_pieces/train/black_king/black_king_3_G2.png,2,king,1,1
/home/set/projects/Solver_new_26/data/raw/chess_pieces/train/black_king/black_king_3_G3.png,2,king,1,1
/home/set/projects/Solver_new_26/data/raw/chess_pieces/train/black_king/black_king_3_G4.png,2,king,1,1
/home/set/projects/Solver_new_26/data/raw/chess_pieces/train/black_king/black_king_3_G5.png,2,king,1,1
/home/set/projects/Solver_new_26/data/raw/chess_pieces/train/black_king/black_king_3_G6.png,2,king,1,1
/home/set/projects/Solver_new_26/data/raw/chess_pieces/train/black_king/black_king_3_G7.png,2,king,1,1
/home/set/projects/Solver_new_26/data/raw/chess_pieces/train/black_king/black_king_3_G8.png,2,king,1,1
/home/set/projects/Solver_new_26/data/raw/chess_pieces/train/black_king/black_king_3_H1.png,2,king,1,1
/home/set/projects/Solver_new_26/data/raw/chess_pieces/train/black_king/black_king_3_H2.png,2,king,1,1
/home/set/projects/Solver_new_26/data/raw/chess_pieces/train/black_king/black_king_3_H3.png,2,king,1,1
/home/set/projects/Solver_new_26/data/raw/chess_pieces/train/black_king/black_king_3_H4.png,2,king,1,1
/home/set/projects/Solver_new_26/data/raw/chess_pieces/train/black_king/black_king_3_H5.png,2,king,1,1
/home/set/projects/Solver_new_26/data/raw/chess_pieces/train/black_king/black_king_3_H6.png,2,king,1,1
/home/set/projects/Solver_new_26/data/raw/chess_pieces/train/black_king/black_king_3_H7.png,2,king,1,1
/home/set/projects/Solver_new_26/data/raw/chess_pieces/train/black_king/black_king_3_H8.png,2,king,1,1
/home/set/projects/Solver_new_26/data/raw/chess_pieces/train/black_knight/black_knight_1_A1.png,2,knight,1,1
/home/set/projects/Solver_new_26/data/raw/chess_pieces/train/black_knight/black_knight_1_A2.png,2,knight,1,1
/home/set/projects/Solver_new_26/data/raw/chess_pieces/train/black_knight/black_knight_1_A3.png,2,knight,1,1
/home/set/projects/Solver_new_26/data/raw/chess_pieces/train/black_knight/black_knight_1_A4.png,2,knight,1,1
/home/set/projects/Solver_new_26/data/raw/chess_pieces/train/black_knight/black_knight_1_A5.png,2,knight,1,1
/home/set/projects/Solver_new_26/data/raw/chess_pieces/train/black_knight/black_knight_1_A6.png,2,knight,1,1
/home/set/projects/Solver_new_26/data/raw/chess_pieces/train/black_knight/black_knight_1_A7.png,2,knight,1,1
/home/set/projects/Solver_new_26/data/raw/chess_pieces/train/black_knight/black_knight_1_A8.png,2,knight,1,1
/home/set/projects/Solver_new_26/data/raw/chess_pieces/train/black_knight/black_knight_1_B1.png,2,knight,1,1
/home/set/projects/Solver_new_26/data/raw/chess_pieces/train/black_knight/black_knight_1_B2.png,2,knight,1,1
/home/set/projects/Solver_new_26/data/raw/chess_pieces/train/black_knight/black_knight_1_B3.png,2,knight,1,1
/home/set/projects/Solver_new_26/data/raw/chess_pieces/train/black_knight/black_knight_1_B4.png,2,knight,1,1
/home/set/projects/Solver_new_26/data/raw/chess_pieces/train/black_knight/black_knight_1_B5.png,2,knight,1,1
/home/set/projects/Solver_new_26/data/raw/chess_pieces/train/black_knight/black_knight_1_B6.png,2,knight,1,1
/home/set/projects/Solver_new_26/data/raw/chess_pieces/train/black_knight/black_knight_1_B7.png,2,knight,1,1
/home/set/projects/Solver_new_26/data/raw/chess_pieces/train/black_knight/black_knight_1_B8.png,2,knight,1,1
/home/set/projects/Solver_new_26/data/raw/chess_pieces/train/black_knight/black_knight_1_C1.png,2,knight,1,1
/home/set/projects/Solver_new_26/data/raw/chess_pieces/train/black_knight/black_knight_1_C2.png,2,knight,1,1
/home/set/projects/Solver_new_26/data/raw/chess_pieces/train/black_knight/black_knight_1_C3.png,2,knight,1,1
/home/set/projects/Solver_new_26/data/raw/chess_pieces/train/black_knight/black_knight_1_C4.png,2,knight,1,1
/home/set/projects/Solver_new_26/data/raw/chess_pieces/train/black_knight/black_knight_1_C5.png,2,knight,1,1
/home/set/projects/Solver_new_26/data/raw/chess_pieces/train/black_knight/black_knight_1_C6.png,2,knight,1,1
/home/set/projects/Solver_new_26/data/raw/chess_pieces/train/black_knight/black_knight_1_C7.png,2,knight,1,1
/home/set/projects/Solver_new_26/data/raw/chess_pieces/train/black_knight/black_knight_1_C8.png,2,knight,1,1
/home/set/projects/Solver_new_26/data/raw/chess_pieces/train/black_knight/black_knight_1_D1.png,2,knight,1,1
/home/set/projects/Solver_new_26/data/raw/chess_pieces/train/black_knight/black_knight_1_D2.png,2,knight,1,1
/home/set/projects/Solver_new_26/data/raw/chess_pieces/train/black_knight/black_knight_1_D3.png,2,knight,1,1
/home/set/projects/Solver_new_26/data/raw/chess_pieces/train/black_knight/black_knight_1_D4.png,2,knight,1,1
/home/set/projects/Solver_new_26/data/raw/chess_pieces/train/black_knight/black_knight_1_D5.png,2,knight,1,1
/home/set/projects/Solver_new_26/data/raw/chess_pieces/train/black_knight/black_knight_1_D6.png,2,knight,1,1
/home/set/projects/Solver_new_26/data/raw/chess_pieces/train/black_knight/black_knight_1_D7.png,2,knight,1,1
/home/set/projects/Solver_new_26/data/raw/chess_pieces/train/black_knight/black_knight_1_D8.png,2,knight,1,1
/home/set/projects/Solver_new_26/data/raw/chess_pieces/train/black_knight/black_knight_1_E1.png,2,knight,1,1
/home/set/projects/Solver_new_26/data/raw/chess_pieces/train/black_knight/black_knight_1_E2.png,2,knight,1,1
/home/set/projects/Solver_new_26/data/raw/chess_pieces/train/black_knight/black_knight_1_E3.png,2,knight,1,1
/home/set/projects/Solver_new_26/data/raw/chess_pieces/train/black_knight/black_knight_1_E4.png,2,knight,1,1
/home/set/projects/Solver_new_26/data/raw/chess_pieces/train/black_knight/black_knight_1_E5.png,2,knight,1,1
/home/set/projects/Solver_new_26/data/raw/chess_pieces/train/black_knight/black_knight_1_E6.png,2,knight,1,1
/home/set/projects/Solver_new_26/data/raw/chess_pieces/train/black_knight/black_knight_1_E7.png,2,knight,1,1
/home/set/projects/Solver_new_26/data/raw/chess_pieces/train/black_knight/black_knight_1_E8.png,2,knight,1,1
/home/set/projects/Solver_new_26/data/raw/chess_pieces/train/black_knight/black_knight_1_F1.png,2,knight,1,1
/home/set/projects/Solver_new_26/data/raw/chess_pieces/train/black_knight/black_knight_1_F2.png,2,knight,1,1
/home/set/projects/Solver_new_26/data/raw/chess_pieces/train/black_knight/black_knight_1_F3.png,2,knight,1,1
/home/set/projects/Solver_new_26/data/raw/chess_pieces/train/black_knight/black_knight_1_F4.png,2,knight,1,1
/home/set/projects/Solver_new_26/data/raw/chess_pieces/train/black_knight/black_knight_1_F5.png,2,knight,1,1
/home/set/projects/Solver_new_26/data/raw/chess_pieces/train/black_knight/black_knight_1_F6.png,2,knight,1,1
/home/set/projects/Solver_new_26/data/raw/chess_pieces/train/black_knight/black_knight_1_F7.png,2,knight,1,1
/home/set/projects/Solver_new_26/data/raw/chess_pieces/train/black_knight/black_knight_1_F8.png,2,knight,1,1
/home/set/projects/Solver_new_26/data/raw/chess_pieces/train/black_knight/black_knight_1_G1.png,2,knight,1,1
/home/set/projects/Solver_new_26/data/raw/chess_pieces/train/black_knight/black_knight_1_G2.png,2,knight,1,1
/home/set/projects/Solver_new_26/data/raw/chess_pieces/train/black_knight/black_knight_1_G3.png,2,knight,1,1
/home/set/projects/Solver_new_26/data/raw/chess_pieces/train/black_knight/black_knight_1_G4.png,2,knight,1,1
/home/set/projects/Solver_new_26/data/raw/chess_pieces/train/black_knight/black_knight_1_G5.png,2,knight,1,1
/home/set/projects/Solver_new_26/data/raw/chess_pieces/train/black_knight/black_knight_1_G6.png,2,knight,1,1
/home/set/projects/Solver_new_26/data/raw/chess_pieces/train/black_knight/black_knight_1_G7.png,2,knight,1,1
/home/set/projects/Solver_new_26/data/raw/chess_pieces/train/black_knight/black_knight_1_G8.png,2,knight,1,1
/home/set/projects/Solver_new_26/data/raw/chess_pieces/train/black_knight/black_knight_1_H1.png,2,knight,1,1
/home/set/projects/Solver_new_26/data/raw/chess_pieces/train/black_knight/black_knight_1_H2.png,2,knight,1,1
/home/set/projects/Solver_new_26/data/raw/chess_pieces/train/black_knight/black_knight_1_H3.png,2,knight,1,1
/home/set/projects/Solver_new_26/data/raw/chess_pieces/train/black_knight/black_knight_1_H4.png,2,knight,1,1
/home/set/projects/Solver_new_26/data/raw/chess_pieces/train/black_knight/black_knight_1_H5.png,2,knight,1,1
/home/set/projects/Solver_new_26/data/raw/chess_pieces/train/black_knight/black_knight_1_H6.png,2,knight,1,1
/home/set/projects/Solver_new_26/data/raw/chess_pieces/train/black_knight/black_knight_1_H7.png,2,knight,1,1
/home/set/projects/Solver_new_26/data/raw/chess_pieces/train/black_knight/black_knight_1_H8.png,2,knight,1,1
/home/set/projects/Solver_new_26/data/raw/chess_pieces/train/black_knight/black_knight_2_A1.png,2,knight,1,1
/home/set/projects/Solver_new_26/data/raw/chess_pieces/train/black_knight/black_knight_2_A2.png,2,knight,1,1
/home/set/projects/Solver_new_26/data/raw/chess_pieces/train/black_knight/black_knight_2_A3.png,2,knight,1,1
/home/set/projects/Solver_new_26/data/raw/chess_pieces/train/black_knight/black_knight_2_A4.png,2,knight,1,1
/home/set/projects/Solver_new_26/data/raw/chess_pieces/train/black_knight/black_knight_2_A5.png,2,knight,1,1
/home/set/projects/Solver_new_26/data/raw/chess_pieces/train/black_knight/black_knight_2_A6.png,2,knight,1,1
/home/set/projects/Solver_new_26/data/raw/chess_pieces/train/black_knight/black_knight_2_A7.png,2,knight,1,1
/home/set/projects/Solver_new_26/data/raw/chess_pieces/train/black_knight/black_knight_2_A8.png,2,knight,1,1
/home/set/projects/Solver_new_26/data/raw/chess_pieces/train/black_knight/black_knight_2_B1.png,2,knight,1,1
/home/set/projects/Solver_new_26/data/raw/chess_pieces/train/black_knight/black_knight_2_B2.png,2,knight,1,1
/home/set/projects/Solver_new_26/data/raw/chess_pieces/train/black_knight/black_knight_2_B3.png,2,knight,1,1
/home/set/projects/Solver_new_26/data/raw/chess_pieces/train/black_knight/black_knight_2_B4.png,2,knight,1,1
/home/set/projects/Solver_new_26/data/raw/chess_pieces/train/black_knight/black_knight_2_B5.png,2,knight,1,1
/home/set/projects/Solver_new_26/data/raw/chess_pieces/train/black_knight/black_knight_2_B6.png,2,knight,1,1
/home/set/projects/Solver_new_26/data/raw/chess_pieces/train/black_knight/black_knight_2_B7.png,2,knight,1,1
/home/set/projects/Solver_new_26/data/raw/chess_pieces/train/black_knight/black_knight_2_B8.png,2,knight,1,1
/home/set/projects/Solver_new_26/data/raw/chess_pieces/train/black_knight/black_knight_2_C1.png,2,knight,1,1
/home/set/projects/Solver_new_26/data/raw/chess_pieces/train/black_knight/black_knight_2_C2.png,2,knight,1,1
/home/set/projects/Solver_new_26/data/raw/chess_pieces/train/black_knight/black_knight_2_C3.png,2,knight,1,1
/home/set/projects/Solver_new_26/data/raw/chess_pieces/train/black_knight/black_knight_2_C4.png,2,knight,1,1
/home/set/projects/Solver_new_26/data/raw/chess_pieces/train/black_knight/black_knight_2_C5.png,2,knight,1,1
/home/set/projects/Solver_new_26/data/raw/chess_pieces/train/black_knight/black_knight_2_C6.png,2,knight,1,1
/home/set/projects/Solver_new_26/data/raw/chess_pieces/train/black_knight/black_knight_2_C7.png,2,knight,1,1
/home/set/projects/Solver_new_26/data/raw/chess_pieces/train/black_knight/black_knight_2_C8.png,2,knight,1,1
/home/set/projects/Solver_new_26/data/raw/chess_pieces/train/black_knight/black_knight_2_D1.png,2,knight,1,1
/home/set/projects/Solver_new_26/data/raw/chess_pieces/train/black_knight/black_knight_2_D2.png,2,knight,1,1
/home/set/projects/Solver_new_26/data/raw/chess_pieces/train/black_knight/black_knight_2_D3.png,2,knight,1,1
/home/set/projects/Solver_new_26/data/raw/chess_pieces/train/black_knight/black_knight_2_D4.png,2,knight,1,1
/home/set/projects/Solver_new_26/data/raw/chess_pieces/train/black_knight/black_knight_2_D5.png,2,knight,1,1
/home/set/projects/Solver_new_26/data/raw/chess_pieces/train/black_knight/black_knight_2_D6.png,2,knight,1,1
/home/set/projects/Solver_new_26/data/raw/chess_pieces/train/black_knight/black_knight_2_D7.png,2,knight,1,1
/home/set/projects/Solver_new_26/data/raw/chess_pieces/train/black_knight/black_knight_2_D8.png,2,knight,1,1
/home/set/projects/Solver_new_26/data/raw/chess_pieces/train/black_knight/black_knight_2_E1.png,2,knight,1,1
/home/set/projects/Solver_new_26/data/raw/chess_pieces/train/black_knight/black_knight_2_E2.png,2,knight,1,1
/home/set/projects/Solver_new_26/data/raw/chess_pieces/train/black_knight/black_knight_2_E3.png,2,knight,1,1
/home/set/projects/Solver_new_26/data/raw/chess_pieces/train/black_knight/black_knight_2_E4.png,2,knight,1,1
/home/set/projects/Solver_new_26/data/raw/chess_pieces/train/black_knight/black_knight_2_E5.png,2,knight,1,1
/home/set/projects/Solver_new_26/data/raw/chess_pieces/train/black_knight/black_knight_2_E6.png,2,knight,1,1
/home/set/projects/Solver_new_26/data/raw/chess_pieces/train/black_knight/black_knight_2_E7.png,2,knight,1,1
/home/set/projects/Solver_new_26/data/raw/chess_pieces/train/black_knight/black_knight_2_E8.png,2,knight,1,1
/home/set/projects/Solver_new_26/data/raw/chess_pieces/train/black_knight/black_knight_2_F1.png,2,knight,1,1
/home/set/projects/Solver_new_26/data/raw/chess_pieces/train/black_knight/black_knight_2_F2.png,2,knight,1,1
/home/set/projects/Solver_new_26/data/raw/chess_pieces/train/black_knight/black_knight_2_F3.png,2,knight,1,1
/home/set/projects/Solver_new_26/data/raw/chess_pieces/train/black_knight/black_knight_2_F4.png,2,knight,1,1
/home/set/projects/Solver_new_26/data/raw/chess_pieces/train/black_knight/black_knight_2_F5.png,2,knight,1,1
/home/set/projects/Solver_new_26/data/raw/chess_pieces/train/black_knight/black_knight_2_F6.png,2,knight,1,1
/home/set/projects/Solver_new_26/data/raw/chess_pieces/train/black_knight/black_knight_2_F7.png,2,knight,1,1
/home/set/projects/Solver_new_26/data/raw/chess_pieces/train/black_knight/black_knight_2_F8.png,2,knight,1,1
/home/set/projects/Solver_new_26/data/raw/chess_pieces/train/black_knight/black_knight_2_G1.png,2,knight,1,1
/home/set/projects/Solver_new_26/data/raw/chess_pieces/train/black_knight/black_knight_2_G2.png,2,knight,1,1
/home/set/projects/Solver_new_26/data/raw/chess_pieces/train/black_knight/black_knight_2_G3.png,2,knight,1,1
/home/set/projects/Solver_new_26/data/raw/chess_pieces/train/black_knight/black_knight_2_G4.png,2,knight,1,1
/home/set/projects/Solver_new_26/data/raw/chess_pieces/train/black_knight/black_knight_2_G5.png,2,knight,1,1
/home/set/projects/Solver_new_26/data/raw/chess_pieces/train/black_knight/black_knight_2_G6.png,2,knight,1,1
/home/set/projects/Solver_new_26/data/raw/chess_pieces/train/black_knight/black_knight_2_G7.png,2,knight,1,1
/home/set/projects/Solver_new_26/data/raw/chess_pieces/train/black_knight/black_knight_2_G8.png,2,knight,1,1
/home/set/projects/Solver_new_26/data/raw/chess_pieces/train/black_knight/black_knight_2_H1.png,2,knight,1,1
/home/set/projects/Solver_new_26/data/raw/chess_pieces/train/black_knight/black_knight_2_H2.png,2,knight,1,1
/home/set/projects/Solver_new_26/data/raw/chess_pieces/train/black_knight/black_knight_2_H3.png,2,knight,1,1
/home/set/projects/Solver_new_26/data/raw/chess_pieces/train/black_knight/black_knight_2_H4.png,2,knight,1,1
/home/set/projects/Solver_new_26/data/raw/chess_pieces/train/black_knight/black_knight_2_H5.png,2,knight,1,1
/home/set/projects/Solver_new_26/data/raw/chess_pieces/train/black_knight/black_knight_2_H6.png,2,knight,1,1
/home/set/projects/Solver_new_26/data/raw/chess_pieces/train/black_knight/black_knight_2_H7.png,2,knight,1,1
/home/set/projects/Solver_new_26/data/raw/chess_pieces/train/black_knight/black_knight_2_H8.png,2,knight,1,1
/home/set/projects/Solver_new_26/data/raw/chess_pieces/train/black_knight/black_knight_3_A1.png,2,knight,1,1
/home/set/projects/Solver_new_26/data/raw/chess_pieces/train/black_knight/black_knight_3_A2.png,2,knight,1,1
/home/set/projects/Solver_new_26/data/raw/chess_pieces/train/black_knight/black_knight_3_A3.png,2,knight,1,1
/home/set/projects/Solver_new_26/data/raw/chess_pieces/train/black_knight/black_knight_3_A4.png,2,knight,1,1
/home/set/projects/Solver_new_26/data/raw/chess_pieces/train/black_knight/black_knight_3_A5.png,2,knight,1,1
/home/set/projects/Solver_new_26/data/raw/chess_pieces/train/black_knight/black_knight_3_A6.png,2,knight,1,1
/home/set/projects/Solver_new_26/data/raw/chess_pieces/train/black_knight/black_knight_3_A7.png,2,knight,1,1
/home/set/projects/Solver_new_26/data/raw/chess_pieces/train/black_knight/black_knight_3_A8.png,2,knight,1,1
/home/set/projects/Solver_new_26/data/raw/chess_pieces/train/black_knight/black_knight_3_B1.png,2,knight,1,1
/home/set/projects/Solver_new_26/data/raw/chess_pieces/train/black_knight/black_knight_3_B2.png,2,knight,1,1
/home/set/projects/Solver_new_26/data/raw/chess_pieces/train/black_knight/black_knight_3_B3.png,2,knight,1,1
/home/set/projects/Solver_new_26/data/raw/chess_pieces/train/black_knight/black_knight_3_B4.png,2,knight,1,1
/home/set/projects/Solver_new_26/data/raw/chess_pieces/train/black_knight/black_knight_3_B5.png,2,knight,1,1
/home/set/projects/Solver_new_26/data/raw/chess_pieces/train/black_knight/black_knight_3_B6.png,2,knight,1,1
/home/set/projects/Solver_new_26/data/raw/chess_pieces/train/black_knight/black_knight_3_B7.png,2,knight,1,1
/home/set/projects/Solver_new_26/data/raw/chess_pieces/train/black_knight/black_knight_3_B8.png,2,knight,1,1
/home/set/projects/Solver_new_26/data/raw/chess_pieces/train/black_knight/black_knight_3_C1.png,2,knight,1,1
/home/set/projects/Solver_new_26/data/raw/chess_pieces/train/black_knight/black_knight_3_C2.png,2,knight,1,1
/home/set/projects/Solver_new_26/data/raw/chess_pieces/train/black_knight/black_knight_3_C3.png,2,knight,1,1
/home/set/projects/Solver_new_26/data/raw/chess_pieces/train/black_knight/black_knight_3_C4.png,2,knight,1,1
/home/set/projects/Solver_new_26/data/raw/chess_pieces/train/black_knight/black_knight_3_C5.png,2,knight,1,1
/home/set/projects/Solver_new_26/data/raw/chess_pieces/train/black_knight/black_knight_3_C6.png,2,knight,1,1
/home/set/projects/Solver_new_26/data/raw/chess_pieces/train/black_knight/black_knight_3_C7.png,2,knight,1,1
/home/set/projects/Solver_new_26/data/raw/chess_pieces/train/black_knight/black_knight_3_C8.png,2,knight,1,1
/home/set/projects/Solver_new_26/data/raw/chess_pieces/train/black_knight/black_knight_3_D1.png,2,knight,1,1
/home/set/projects/Solver_new_26/data/raw/chess_pieces/train/black_knight/black_knight_3_D2.png,2,knight,1,1
/home/set/projects/Solver_new_26/data/raw/chess_pieces/train/black_knight/black_knight_3_D3.png,2,knight,1,1
/home/set/projects/Solver_new_26/data/raw/chess_pieces/train/black_knight/black_knight_3_D4.png,2,knight,1,1
/home/set/projects/Solver_new_26/data/raw/chess_pieces/train/black_knight/black_knight_3_D5.png,2,knight,1,1
/home/set/projects/Solver_new_26/data/raw/chess_pieces/train/black_knight/black_knight_3_D6.png,2,knight,1,1
/home/set/projects/Solver_new_26/data/raw/chess_pieces/train/black_knight/black_knight_3_D7.png,2,knight,1,1
/home/set/projects/Solver_new_26/data/raw/chess_pieces/train/black_knight/black_knight_3_D8.png,2,knight,1,1
/home/set/projects/Solver_new_26/data/raw/chess_pieces/train/black_knight/black_knight_3_E1.png,2,knight,1,1
/home/set/projects/Solver_new_26/data/raw/chess_pieces/train/black_knight/black_knight_3_E2.png,2,knight,1,1
/home/set/projects/Solver_new_26/data/raw/chess_pieces/train/black_knight/black_knight_3_E3.png,2,knight,1,1
/home/set/projects/Solver_new_26/data/raw/chess_pieces/train/black_knight/black_knight_3_E4.png,2,knight,1,1
/home/set/projects/Solver_new_26/data/raw/chess_pieces/train/black_knight/black_knight_3_E5.png,2,knight,1,1
/home/set/projects/Solver_new_26/data/raw/chess_pieces/train/black_knight/black_knight_3_E6.png,2,knight,1,1
/home/set/projects/Solver_new_26/data/raw/chess_pieces/train/black_knight/black_knight_3_E7.png,2,knight,1,1
/home/set/projects/Solver_new_26/data/raw/chess_pieces/train/black_knight/black_knight_3_E8.png,2,knight,1,1
/home/set/projects/Solver_new_26/data/raw/chess_pieces/train/black_knight/black_knight_3_F1.png,2,knight,1,1
/home/set/projects/Solver_new_26/data/raw/chess_pieces/train/black_knight/black_knight_3_F2.png,2,knight,1,1
/home/set/projects/Solver_new_26/data/raw/chess_pieces/train/black_knight/black_knight_3_F3.png,2,knight,1,1
/home/set/projects/Solver_new_26/data/raw/chess_pieces/train/black_knight/black_knight_3_F4.png,2,knight,1,1
/home/set/projects/Solver_new_26/data/raw/chess_pieces/train/black_knight/black_knight_3_F5.png,2,knight,1,1
/home/set/projects/Solver_new_26/data/raw/chess_pieces/train/black_knight/black_knight_3_F6.png,2,knight,1,1
/home/set/projects/Solver_new_26/data/raw/chess_pieces/train/black_knight/black_knight_3_F7.png,2,knight,1,1
/home/set/projects/Solver_new_26/data/raw/chess_pieces/train/black_knight/black_knight_3_F8.png,2,knight,1,1
/home/set/projects/Solver_new_26/data/raw/chess_pieces/train/black_knight/black_knight_3_G1.png,2,knight,1,1
/home/set/projects/Solver_new_26/data/raw/chess_pieces/train/black_knight/black_knight_3_G2.png,2,knight,1,1
/home/set/projects/Solver_new_26/data/raw/chess_pieces/train/black_knight/black_knight_3_G3.png,2,knight,1,1
/home/set/projects/Solver_new_26/data/raw/chess_pieces/train/black_knight/black_knight_3_G4.png,2,knight,1,1
/home/set/projects/Solver_new_26/data/raw/chess_pieces/train/black_knight/black_knight_3_G5.png,2,knight,1,1
/home/set/projects/Solver_new_26/data/raw/chess_pieces/train/black_knight/black_knight_3_G6.png,2,knight,1,1
/home/set/projects/Solver_new_26/data/raw/chess_pieces/train/black_knight/black_knight_3_G7.png,2,knight,1,1
/home/set/projects/Solver_new_26/data/raw/chess_pieces/train/black_knight/black_knight_3_G8.png,2,knight,1,1
/home/set/projects/Solver_new_26/data/raw/chess_pieces/train/black_knight/black_knight_3_H1.png,2,knight,1,1
/home/set/projects/Solver_new_26/data/raw/chess_pieces/train/black_knight/black_knight_3_H2.png,2,knight,1,1
/home/set/projects/Solver_new_26/data/raw/chess_pieces/train/black_knight/black_knight_3_H3.png,2,knight,1,1
/home/set/projects/Solver_new_26/data/raw/chess_pieces/train/black_knight/black_knight_3_H4.png,2,knight,1,1
/home/set/projects/Solver_new_26/data/raw/chess_pieces/train/black_knight/black_knight_3_H5.png,2,knight,1,1
/home/set/projects/Solver_new_26/data/raw/chess_pieces/train/black_knight/black_knight_3_H6.png,2,knight,1,1
/home/set/projects/Solver_new_26/data/raw/chess_pieces/train/black_knight/black_knight_3_H7.png,2,knight,1,1
/home/set/projects/Solver_new_26/data/raw/chess_pieces/train/black_knight/black_knight_3_H8.png,2,knight,1,1
/home/set/projects/Solver_new_26/data/raw/chess_pieces/train/black_pawn/black_pawn_1_A1.png,2,pawn,1,1
/home/set/projects/Solver_new_26/data/raw/chess_pieces/train/black_pawn/black_pawn_1_A2.png,2,pawn,1,1
/home/set/projects/Solver_new_26/data/raw/chess_pieces/train/black_pawn/black_pawn_1_A3.png,2,pawn,1,1
/home/set/projects/Solver_new_26/data/raw/chess_pieces/train/black_pawn/black_pawn_1_A4.png,2,pawn,1,1
/home/set/projects/Solver_new_26/data/raw/chess_pieces/train/black_pawn/black_pawn_1_A5.png,2,pawn,1,1
/home/set/projects/Solver_new_26/data/raw/chess_pieces/train/black_pawn/black_pawn_1_A6.png,2,pawn,1,1
/home/set/projects/Solver_new_26/data/raw/chess_pieces/train/black_pawn/black_pawn_1_A7.png,2,pawn,1,1
/home/set/projects/Solver_new_26/data/raw/chess_pieces/train/black_pawn/black_pawn_1_A8.png,2,pawn,1,1
/home/set/projects/Solver_new_26/data/raw/chess_pieces/train/black_pawn/black_pawn_1_B1.png,2,pawn,1,1
/home/set/projects/Solver_new_26/data/raw/chess_pieces/train/black_pawn/black_pawn_1_B2.png,2,pawn,1,1
/home/set/projects/Solver_new_26/data/raw/chess_pieces/train/black_pawn/black_pawn_1_B3.png,2,pawn,1,1
/home/set/projects/Solver_new_26/data/raw/chess_pieces/train/black_pawn/black_pawn_1_B4.png,2,pawn,1,1
/home/set/projects/Solver_new_26/data/raw/chess_pieces/train/black_pawn/black_pawn_1_B5.png,2,pawn,1,1
/home/set/projects/Solver_new_26/data/raw/chess_pieces/train/black_pawn/black_pawn_1_B6.png,2,pawn,1,1
/home/set/projects/Solver_new_26/data/raw/chess_pieces/train/black_pawn/black_pawn_1_B7.png,2,pawn,1,1
/home/set/projects/Solver_new_26/data/raw/chess_pieces/train/black_pawn/black_pawn_1_B8.png,2,pawn,1,1
/home/set/projects/Solver_new_26/data/raw/chess_pieces/train/black_pawn/black_pawn_1_C1.png,2,pawn,1,1
/home/set/projects/Solver_new_26/data/raw/chess_pieces/train/black_pawn/black_pawn_1_C2.png,2,pawn,1,1
/home/set/projects/Solver_new_26/data/raw/chess_pieces/train/black_pawn/black_pawn_1_C3.png,2,pawn,1,1
/home/set/projects/Solver_new_26/data/raw/chess_pieces/train/black_pawn/black_pawn_1_C4.png,2,pawn,1,1
/home/set/projects/Solver_new_26/data/raw/chess_pieces/train/black_pawn/black_pawn_1_C5.png,2,pawn,1,1
/home/set/projects/Solver_new_26/data/raw/chess_pieces/train/black_pawn/black_pawn_1_C6.png,2,pawn,1,1
/home/set/projects/Solver_new_26/data/raw/chess_pieces/train/black_pawn/black_pawn_1_C7.png,2,pawn,1,1
/home/set/projects/Solver_new_26/data/raw/chess_pieces/train/black_pawn/black_pawn_1_C8.png,2,pawn,1,1
/home/set/projects/Solver_new_26/data/raw/chess_pieces/train/black_pawn/black_pawn_1_D1.png,2,pawn,1,1
/home/set/projects/Solver_new_26/data/raw/chess_pieces/train/black_pawn/black_pawn_1_D2.png,2,pawn,1,1
/home/set/projects/Solver_new_26/data/raw/chess_pieces/train/black_pawn/black_pawn_1_D3.png,2,pawn,1,1
/home/set/projects/Solver_new_26/data/raw/chess_pieces/train/black_pawn/black_pawn_1_D4.png,2,pawn,1,1
/home/set/projects/Solver_new_26/data/raw/chess_pieces/train/black_pawn/black_pawn_1_D5.png,2,pawn,1,1
/home/set/projects/Solver_new_26/data/raw/chess_pieces/train/black_pawn/black_pawn_1_D6.png,2,pawn,1,1
/home/set/projects/Solver_new_26/data/raw/chess_pieces/train/black_pawn/black_pawn_1_D7.png,2,pawn,1,1
/home/set/projects/Solver_new_26/data/raw/chess_pieces/train/black_pawn/black_pawn_1_D8.png,2,pawn,1,1
/home/set/projects/Solver_new_26/data/raw/chess_pieces/train/black_pawn/black_pawn_1_E1.png,2,pawn,1,1
/home/set/projects/Solver_new_26/data/raw/chess_pieces/train/black_pawn/black_pawn_1_E2.png,2,pawn,1,1
/home/set/projects/Solver_new_26/data/raw/chess_pieces/train/black_pawn/black_pawn_1_E3.png,2,pawn,1,1
/home/set/projects/Solver_new_26/data/raw/chess_pieces/train/black_pawn/black_pawn_1_E4.png,2,pawn,1,1
/home/set/projects/Solver_new_26/data/raw/chess_pieces/train/black_pawn/black_pawn_1_E5.png,2,pawn,1,1
/home/set/projects/Solver_new_26/data/raw/chess_pieces/train/black_pawn/black_pawn_1_E6.png,2,pawn,1,1
/home/set/projects/Solver_new_26/data/raw/chess_pieces/train/black_pawn/black_pawn_1_E7.png,2,pawn,1,1
/home/set/projects/Solver_new_26/data/raw/chess_pieces/train/black_pawn/black_pawn_1_E8.png,2,pawn,1,1
/home/set/projects/Solver_new_26/data/raw/chess_pieces/train/black_pawn/black_pawn_1_F1.png,2,pawn,1,1
/home/set/projects/Solver_new_26/data/raw/chess_pieces/train/black_pawn/black_pawn_1_F2.png,2,pawn,1,1
/home/set/projects/Solver_new_26/data/raw/chess_pieces/train/black_pawn/black_pawn_1_F3.png,2,pawn,1,1
/home/set/projects/Solver_new_26/data/raw/chess_pieces/train/black_pawn/black_pawn_1_F4.png,2,pawn,1,1
/home/set/projects/Solver_new_26/data/raw/chess_pieces/train/black_pawn/black_pawn_1_F5.png,2,pawn,1,1
/home/set/projects/Solver_new_26/data/raw/chess_pieces/train/black_pawn/black_pawn_1_F6.png,2,pawn,1,1
/home/set/projects/Solver_new_26/data/raw/chess_pieces/train/black_pawn/black_pawn_1_F7.png,2,pawn,1,1
/home/set/projects/Solver_new_26/data/raw/chess_pieces/train/black_pawn/black_pawn_1_F8.png,2,pawn,1,1
/home/set/projects/Solver_new_26/data/raw/chess_pieces/train/black_pawn/black_pawn_1_G1.png,2,pawn,1,1
/home/set/projects/Solver_new_26/data/raw/chess_pieces/train/black_pawn/black_pawn_1_G2.png,2,pawn,1,1
/home/set/projects/Solver_new_26/data/raw/chess_pieces/train/black_pawn/black_pawn_1_G3.png,2,pawn,1,1
/home/set/projects/Solver_new_26/data/raw/chess_pieces/train/black_pawn/black_pawn_1_G4.png,2,pawn,1,1
/home/set/projects/Solver_new_26/data/raw/chess_pieces/train/black_pawn/black_pawn_1_G5.png,2,pawn,1,1
/home/set/projects/Solver_new_26/data/raw/chess_pieces/train/black_pawn/black_pawn_1_G6.png,2,pawn,1,1
/home/set/projects/Solver_new_26/data/raw/chess_pieces/train/black_pawn/black_pawn_1_G7.png,2,pawn,1,1
/home/set/projects/Solver_new_26/data/raw/chess_pieces/train/black_pawn/black_pawn_1_G8.png,2,pawn,1,1
/home/set/projects/Solver_new_26/data/raw/chess_pieces/train/black_pawn/black_pawn_1_H1.png,2,pawn,1,1
/home/set/projects/Solver_new_26/data/raw/chess_pieces/train/black_pawn/black_pawn_1_H2.png,2,pawn,1,1
/home/set/projects/Solver_new_26/data/raw/chess_pieces/train/black_pawn/black_pawn_1_H3.png,2,pawn,1,1
/home/set/projects/Solver_new_26/data/raw/chess_pieces/train/black_pawn/black_pawn_1_H4.png,2,pawn,1,1
/home/set/projects/Solver_new_26/data/raw/chess_pieces/train/black_pawn/black_pawn_1_H5.png,2,pawn,1,1
/home/set/projects/Solver_new_26/data/raw/chess_pieces/train/black_pawn/black_pawn_1_H6.png,2,pawn,1,1
/home/set/projects/Solver_new_26/data/raw/chess_pieces/train/black_pawn/black_pawn_1_H7.png,2,pawn,1,1
/home/set/projects/Solver_new_26/data/raw/chess_pieces/train/black_pawn/black_pawn_1_H8.png,2,pawn,1,1
/home/set/projects/Solver_new_26/data/raw/chess_pieces/train/black_pawn/black_pawn_2_A1.png,2,pawn,1,1
/home/set/projects/Solver_new_26/data/raw/chess_pieces/train/black_pawn/black_pawn_2_A2.png,2,pawn,1,1
/home/set/projects/Solver_new_26/data/raw/chess_pieces/train/black_pawn/black_pawn_2_A3.png,2,pawn,1,1
/home/set/projects/Solver_new_26/data/raw/chess_pieces/train/black_pawn/black_pawn_2_A4.png,2,pawn,1,1
/home/set/projects/Solver_new_26/data/raw/chess_pieces/train/black_pawn/black_pawn_2_A5.png,2,pawn,1,1
/home/set/projects/Solver_new_26/data/raw/chess_pieces/train/black_pawn/black_pawn_2_A6.png,2,pawn,1,1
/home/set/projects/Solver_new_26/data/raw/chess_pieces/train/black_pawn/black_pawn_2_A7.png,2,pawn,1,1
/home/set/projects/Solver_new_26/data/raw/chess_pieces/train/black_pawn/black_pawn_2_A8.png,2,pawn,1,1
/home/set/projects/Solver_new_26/data/raw/chess_pieces/train/black_pawn/black_pawn_2_B1.png,2,pawn,1,1
/home/set/projects/Solver_new_26/data/raw/chess_pieces/train/black_pawn/black_pawn_2_B2.png,2,pawn,1,1
/home/set/projects/Solver_new_26/data/raw/chess_pieces/train/black_pawn/black_pawn_2_B3.png,2,pawn,1,1
/home/set/projects/Solver_new_26/data/raw/chess_pieces/train/black_pawn/black_pawn_2_B4.png,2,pawn,1,1
/home/set/projects/Solver_new_26/data/raw/chess_pieces/train/black_pawn/black_pawn_2_B5.png,2,pawn,1,1
/home/set/projects/Solver_new_26/data/raw/chess_pieces/train/black_pawn/black_pawn_2_B6.png,2,pawn,1,1
/home/set/projects/Solver_new_26/data/raw/chess_pieces/train/black_pawn/black_pawn_2_B7.png,2,pawn,1,1
/home/set/projects/Solver_new_26/data/raw/chess_pieces/train/black_pawn/black_pawn_2_B8.png,2,pawn,1,1
/home/set/projects/Solver_new_26/data/raw/chess_pieces/train/black_pawn/black_pawn_2_C1.png,2,pawn,1,1
/home/set/projects/Solver_new_26/data/raw/chess_pieces/train/black_pawn/black_pawn_2_C2.png,2,pawn,1,1
/home/set/projects/Solver_new_26/data/raw/chess_pieces/train/black_pawn/black_pawn_2_C3.png,2,pawn,1,1
/home/set/projects/Solver_new_26/data/raw/chess_pieces/train/black_pawn/black_pawn_2_C4.png,2,pawn,1,1
/home/set/projects/Solver_new_26/data/raw/chess_pieces/train/black_pawn/black_pawn_2_C5.png,2,pawn,1,1
/home/set/projects/Solver_new_26/data/raw/chess_pieces/train/black_pawn/black_pawn_2_C6.png,2,pawn,1,1
/home/set/projects/Solver_new_26/data/raw/chess_pieces/train/black_pawn/black_pawn_2_C7.png,2,pawn,1,1
/home/set/projects/Solver_new_26/data/raw/chess_pieces/train/black_pawn/black_pawn_2_C8.png,2,pawn,1,1
/home/set/projects/Solver_new_26/data/raw/chess_pieces/train/black_pawn/black_pawn_2_D1.png,2,pawn,1,1
/home/set/projects/Solver_new_26/data/raw/chess_pieces/train/black_pawn/black_pawn_2_D2.png,2,pawn,1,1
/home/set/projects/Solver_new_26/data/raw/chess_pieces/train/black_pawn/black_pawn_2_D3.png,2,pawn,1,1
/home/set/projects/Solver_new_26/data/raw/chess_pieces/train/black_pawn/black_pawn_2_D4.png,2,pawn,1,1
/home/set/projects/Solver_new_26/data/raw/chess_pieces/train/black_pawn/black_pawn_2_D5.png,2,pawn,1,1
/home/set/projects/Solver_new_26/data/raw/chess_pieces/train/black_pawn/black_pawn_2_D6.png,2,pawn,1,1
/home/set/projects/Solver_new_26/data/raw/chess_pieces/train/black_pawn/black_pawn_2_D7.png,2,pawn,1,1
/home/set/projects/Solver_new_26/data/raw/chess_pieces/train/black_pawn/black_pawn_2_D8.png,2,pawn,1,1
/home/set/projects/Solver_new_26/data/raw/chess_pieces/train/black_pawn/black_pawn_2_E1.png,2,pawn,1,1
/home/set/projects/Solver_new_26/data/raw/chess_pieces/train/black_pawn/black_pawn_2_E2.png,2,pawn,1,1
/home/set/projects/Solver_new_26/data/raw/chess_pieces/train/black_pawn/black_pawn_2_E3.png,2,pawn,1,1
/home/set/projects/Solver_new_26/data/raw/chess_pieces/train/black_pawn/black_pawn_2_E4.png,2,pawn,1,1
/home/set/projects/Solver_new_26/data/raw/chess_pieces/train/black_pawn/black_pawn_2_E5.png,2,pawn,1,1
/home/set/projects/Solver_new_26/data/raw/chess_pieces/train/black_pawn/black_pawn_2_E6.png,2,pawn,1,1
/home/set/projects/Solver_new_26/data/raw/chess_pieces/train/black_pawn/black_pawn_2_E7.png,2,pawn,1,1
/home/set/projects/Solver_new_26/data/raw/chess_pieces/train/black_pawn/black_pawn_2_E8.png,2,pawn,1,1
/home/set/projects/Solver_new_26/data/raw/chess_pieces/train/black_pawn/black_pawn_2_F1.png,2,pawn,1,1
/home/set/projects/Solver_new_26/data/raw/chess_pieces/train/black_pawn/black_pawn_2_F2.png,2,pawn,1,1
/home/set/projects/Solver_new_26/data/raw/chess_pieces/train/black_pawn/black_pawn_2_F3.png,2,pawn,1,1
/home/set/projects/Solver_new_26/data/raw/chess_pieces/train/black_pawn/black_pawn_2_F4.png,2,pawn,1,1
/home/set/projects/Solver_new_26/data/raw/chess_pieces/train/black_pawn/black_pawn_2_F5.png,2,pawn,1,1
/home/set/projects/Solver_new_26/data/raw/chess_pieces/train/black_pawn/black_pawn_2_F6.png,2,pawn,1,1
/home/set/projects/Solver_new_26/data/raw/chess_pieces/train/black_pawn/black_pawn_2_F7.png,2,pawn,1,1
/home/set/projects/Solver_new_26/data/raw/chess_pieces/train/black_pawn/black_pawn_2_F8.png,2,pawn,1,1
/home/set/projects/Solver_new_26/data/raw/chess_pieces/train/black_pawn/black_pawn_2_G1.png,2,pawn,1,1
/home/set/projects/Solver_new_26/data/raw/chess_pieces/train/black_pawn/black_pawn_2_G2.png,2,pawn,1,1
/home/set/projects/Solver_new_26/data/raw/chess_pieces/train/black_pawn/black_pawn_2_G3.png,2,pawn,1,1
/home/set/projects/Solver_new_26/data/raw/chess_pieces/train/black_pawn/black_pawn_2_G4.png,2,pawn,1,1
/home/set/projects/Solver_new_26/data/raw/chess_pieces/train/black_pawn/black_pawn_2_G5.png,2,pawn,1,1
/home/set/projects/Solver_new_26/data/raw/chess_pieces/train/black_pawn/black_pawn_2_G6.png,2,pawn,1,1
/home/set/projects/Solver_new_26/data/raw/chess_pieces/train/black_pawn/black_pawn_2_G7.png,2,pawn,1,1
/home/set/projects/Solver_new_26/data/raw/chess_pieces/train/black_pawn/black_pawn_2_G8.png,2,pawn,1,1
/home/set/projects/Solver_new_26/data/raw/chess_pieces/train/black_pawn/black_pawn_2_H1.png,2,pawn,1,1
/home/set/projects/Solver_new_26/data/raw/chess_pieces/train/black_pawn/black_pawn_2_H2.png,2,pawn,1,1
/home/set/projects/Solver_new_26/data/raw/chess_pieces/train/black_pawn/black_pawn_2_H3.png,2,pawn,1,1
/home/set/projects/Solver_new_26/data/raw/chess_pieces/train/black_pawn/black_pawn_2_H4.png,2,pawn,1,1
/home/set/projects/Solver_new_26/data/raw/chess_pieces/train/black_pawn/black_pawn_2_H5.png,2,pawn,1,1
/home/set/projects/Solver_new_26/data/raw/chess_pieces/train/black_pawn/black_pawn_2_H6.png,2,pawn,1,1
/home/set/projects/Solver_new_26/data/raw/chess_pieces/train/black_pawn/black_pawn_2_H7.png,2,pawn,1,1
/home/set/projects/Solver_new_26/data/raw/chess_pieces/train/black_pawn/black_pawn_2_H8.png,2,pawn,1,1
/home/set/projects/Solver_new_26/data/raw/chess_pieces/train/black_pawn/black_pawn_3_A1.png,2,pawn,1,1
/home/set/projects/Solver_new_26/data/raw/chess_pieces/train/black_pawn/black_pawn_3_A2.png,2,pawn,1,1
/home/set/projects/Solver_new_26/data/raw/chess_pieces/train/black_pawn/black_pawn_3_A3.png,2,pawn,1,1
/home/set/projects/Solver_new_26/data/raw/chess_pieces/train/black_pawn/black_pawn_3_A4.png,2,pawn,1,1
/home/set/projects/Solver_new_26/data/raw/chess_pieces/train/black_pawn/black_pawn_3_A5.png,2,pawn,1,1
/home/set/projects/Solver_new_26/data/raw/chess_pieces/train/black_pawn/black_pawn_3_A6.png,2,pawn,1,1
/home/set/projects/Solver_new_26/data/raw/chess_pieces/train/black_pawn/black_pawn_3_A7.png,2,pawn,1,1
/home/set/projects/Solver_new_26/data/raw/chess_pieces/train/black_pawn/black_pawn_3_A8.png,2,pawn,1,1
/home/set/projects/Solver_new_26/data/raw/chess_pieces/train/black_pawn/black_pawn_3_B1.png,2,pawn,1,1
/home/set/projects/Solver_new_26/data/raw/chess_pieces/train/black_pawn/black_pawn_3_B2.png,2,pawn,1,1
/home/set/projects/Solver_new_26/data/raw/chess_pieces/train/black_pawn/black_pawn_3_B3.png,2,pawn,1,1
/home/set/projects/Solver_new_26/data/raw/chess_pieces/train/black_pawn/black_pawn_3_B4.png,2,pawn,1,1
/home/set/projects/Solver_new_26/data/raw/chess_pieces/train/black_pawn/black_pawn_3_B5.png,2,pawn,1,1
/home/set/projects/Solver_new_26/data/raw/chess_pieces/train/black_pawn/black_pawn_3_B6.png,2,pawn,1,1
/home/set/projects/Solver_new_26/data/raw/chess_pieces/train/black_pawn/black_pawn_3_B7.png,2,pawn,1,1
/home/set/projects/Solver_new_26/data/raw/chess_pieces/train/black_pawn/black_pawn_3_B8.png,2,pawn,1,1
/home/set/projects/Solver_new_26/data/raw/chess_pieces/train/black_pawn/black_pawn_3_C1.png,2,pawn,1,1
/home/set/projects/Solver_new_26/data/raw/chess_pieces/train/black_pawn/black_pawn_3_C2.png,2,pawn,1,1
/home/set/projects/Solver_new_26/data/raw/chess_pieces/train/black_pawn/black_pawn_3_C3.png,2,pawn,1,1
/home/set/projects/Solver_new_26/data/raw/chess_pieces/train/black_pawn/black_pawn_3_C4.png,2,pawn,1,1
/home/set/projects/Solver_new_26/data/raw/chess_pieces/train/black_pawn/black_pawn_3_C5.png,2,pawn,1,1
/home/set/projects/Solver_new_26/data/raw/chess_pieces/train/black_pawn/black_pawn_3_C6.png,2,pawn,1,1
/home/set/projects/Solver_new_26/data/raw/chess_pieces/train/black_pawn/black_pawn_3_C7.png,2,pawn,1,1
/home/set/projects/Solver_new_26/data/raw/chess_pieces/train/black_pawn/black_pawn_3_C8.png,2,pawn,1,1
/home/set/projects/Solver_new_26/data/raw/chess_pieces/train/black_pawn/black_pawn_3_D1.png,2,pawn,1,1
/home/set/projects/Solver_new_26/data/raw/chess_pieces/train/black_pawn/black_pawn_3_D2.png,2,pawn,1,1
/home/set/projects/Solver_new_26/data/raw/chess_pieces/train/black_pawn/black_pawn_3_D3.png,2,pawn,1,1
/home/set/projects/Solver_new_26/data/raw/chess_pieces/train/black_pawn/black_pawn_3_D4.png,2,pawn,1,1
/home/set/projects/Solver_new_26/data/raw/chess_pieces/train/black_pawn/black_pawn_3_D5.png,2,pawn,1,1
/home/set/projects/Solver_new_26/data/raw/chess_pieces/train/black_pawn/black_pawn_3_D6.png,2,pawn,1,1
/home/set/projects/Solver_new_26/data/raw/chess_pieces/train/black_pawn/black_pawn_3_D7.png,2,pawn,1,1
/home/set/projects/Solver_new_26/data/raw/chess_pieces/train/black_pawn/black_pawn_3_D8.png,2,pawn,1,1
/home/set/projects/Solver_new_26/data/raw/chess_pieces/train/black_pawn/black_pawn_3_E1.png,2,pawn,1,1
/home/set/projects/Solver_new_26/data/raw/chess_pieces/train/black_pawn/black_pawn_3_E2.png,2,pawn,1,1
/home/set/projects/Solver_new_26/data/raw/chess_pieces/train/black_pawn/black_pawn_3_E3.png,2,pawn,1,1
/home/set/projects/Solver_new_26/data/raw/chess_pieces/train/black_pawn/black_pawn_3_E4.png,2,pawn,1,1
/home/set/projects/Solver_new_26/data/raw/chess_pieces/train/black_pawn/black_pawn_3_E5.png,2,pawn,1,1
/home/set/projects/Solver_new_26/data/raw/chess_pieces/train/black_pawn/black_pawn_3_E6.png,2,pawn,1,1
/home/set/projects/Solver_new_26/data/raw/chess_pieces/train/black_pawn/black_pawn_3_E7.png,2,pawn,1,1
/home/set/projects/Solver_new_26/data/raw/chess_pieces/train/black_pawn/black_pawn_3_E8.png,2,pawn,1,1
/home/set/projects/Solver_new_26/data/raw/chess_pieces/train/black_pawn/black_pawn_3_F1.png,2,pawn,1,1
/home/set/projects/Solver_new_26/data/raw/chess_pieces/train/black_pawn/black_pawn_3_F2.png,2,pawn,1,1
/home/set/projects/Solver_new_26/data/raw/chess_pieces/train/black_pawn/black_pawn_3_F3.png,2,pawn,1,1
/home/set/projects/Solver_new_26/data/raw/chess_pieces/train/black_pawn/black_pawn_3_F4.png,2,pawn,1,1
/home/set/projects/Solver_new_26/data/raw/chess_pieces/train/black_pawn/black_pawn_3_F5.png,2,pawn,1,1
/home/set/projects/Solver_new_26/data/raw/chess_pieces/train/black_pawn/black_pawn_3_F6.png,2,pawn,1,1
/home/set/projects/Solver_new_26/data/raw/chess_pieces/train/black_pawn/black_pawn_3_F7.png,2,pawn,1,1
/home/set/projects/Solver_new_26/data/raw/chess_pieces/train/black_pawn/black_pawn_3_F8.png,2,pawn,1,1
/home/set/projects/Solver_new_26/data/raw/chess_pieces/train/black_pawn/black_pawn_3_G1.png,2,pawn,1,1
/home/set/projects/Solver_new_26/data/raw/chess_pieces/train/black_pawn/black_pawn_3_G2.png,2,pawn,1,1
/home/set/projects/Solver_new_26/data/raw/chess_pieces/train/black_pawn/black_pawn_3_G3.png,2,pawn,1,1
/home/set/projects/Solver_new_26/data/raw/chess_pieces/train/black_pawn/black_pawn_3_G4.png,2,pawn,1,1
/home/set/projects/Solver_new_26/data/raw/chess_pieces/train/black_pawn/black_pawn_3_G5.png,2,pawn,1,1
/home/set/projects/Solver_new_26/data/raw/chess_pieces/train/black_pawn/black_pawn_3_G6.png,2,pawn,1,1
/home/set/projects/Solver_new_26/data/raw/chess_pieces/train/black_pawn/black_pawn_3_G7.png,2,pawn,1,1
/home/set/projects/Solver_new_26/data/raw/chess_pieces/train/black_pawn/black_pawn_3_G8.png,2,pawn,1,1
/home/set/projects/Solver_new_26/data/raw/chess_pieces/train/black_pawn/black_pawn_3_H1.png,2,pawn,1,1
/home/set/projects/Solver_new_26/data/raw/chess_pieces/train/black_pawn/black_pawn_3_H2.png,2,pawn,1,1
/home/set/projects/Solver_new_26/data/raw/chess_pieces/train/black_pawn/black_pawn_3_H3.png,2,pawn,1,1
/home/set/projects/Solver_new_26/data/raw/chess_pieces/train/black_pawn/black_pawn_3_H4.png,2,pawn,1,1
/home/set/projects/Solver_new_26/data/raw/chess_pieces/train/black_pawn/black_pawn_3_H5.png,2,pawn,1,1
/home/set/projects/Solver_new_26/data/raw/chess_pieces/train/black_pawn/black_pawn_3_H6.png,2,pawn,1,1
/home/set/projects/Solver_new_26/data/raw/chess_pieces/train/black_pawn/black_pawn_3_H7.png,2,pawn,1,1
/home/set/projects/Solver_new_26/data/raw/chess_pieces/train/black_pawn/black_pawn_3_H8.png,2,pawn,1,1
/home/set/projects/Solver_new_26/data/raw/chess_pieces/train/black_queen/black_queen_1_A1.png,2,queen,1,1
/home/set/projects/Solver_new_26/data/raw/chess_pieces/train/black_queen/black_queen_1_A2.png,2,queen,1,1
/home/set/projects/Solver_new_26/data/raw/chess_pieces/train/black_queen/black_queen_1_A3.png,2,queen,1,1
/home/set/projects/Solver_new_26/data/raw/chess_pieces/train/black_queen/black_queen_1_A4.png,2,queen,1,1
/home/set/projects/Solver_new_26/data/raw/chess_pieces/train/black_queen/black_queen_1_A5.png,2,queen,1,1
/home/set/projects/Solver_new_26/data/raw/chess_pieces/train/black_queen/black_queen_1_A6.png,2,queen,1,1
/home/set/projects/Solver_new_26/data/raw/chess_pieces/train/black_queen/black_queen_1_A7.png,2,queen,1,1
/home/set/projects/Solver_new_26/data/raw/chess_pieces/train/black_queen/black_queen_1_A8.png,2,queen,1,1
/home/set/projects/Solver_new_26/data/raw/chess_pieces/train/black_queen/black_queen_1_B1.png,2,queen,1,1
/home/set/projects/Solver_new_26/data/raw/chess_pieces/train/black_queen/black_queen_1_B2.png,2,queen,1,1
/home/set/projects/Solver_new_26/data/raw/chess_pieces/train/black_queen/black_queen_1_B3.png,2,queen,1,1
/home/set/projects/Solver_new_26/data/raw/chess_pieces/train/black_queen/black_queen_1_B4.png,2,queen,1,1
/home/set/projects/Solver_new_26/data/raw/chess_pieces/train/black_queen/black_queen_1_B5.png,2,queen,1,1
/home/set/projects/Solver_new_26/data/raw/chess_pieces/train/black_queen/black_queen_1_B6.png,2,queen,1,1
/home/set/projects/Solver_new_26/data/raw/chess_pieces/train/black_queen/black_queen_1_B7.png,2,queen,1,1
/home/set/projects/Solver_new_26/data/raw/chess_pieces/train/black_queen/black_queen_1_B8.png,2,queen,1,1
/home/set/projects/Solver_new_26/data/raw/chess_pieces/train/black_queen/black_queen_1_C1.png,2,queen,1,1
/home/set/projects/Solver_new_26/data/raw/chess_pieces/train/black_queen/black_queen_1_C2.png,2,queen,1,1
/home/set/projects/Solver_new_26/data/raw/chess_pieces/train/black_queen/black_queen_1_C3.png,2,queen,1,1
/home/set/projects/Solver_new_26/data/raw/chess_pieces/train/black_queen/black_queen_1_C4.png,2,queen,1,1
/home/set/projects/Solver_new_26/data/raw/chess_pieces/train/black_queen/black_queen_1_C5.png,2,queen,1,1
/home/set/projects/Solver_new_26/data/raw/chess_pieces/train/black_queen/black_queen_1_C6.png,2,queen,1,1
/home/set/projects/Solver_new_26/data/raw/chess_pieces/train/black_queen/black_queen_1_C7.png,2,queen,1,1
/home/set/projects/Solver_new_26/data/raw/chess_pieces/train/black_queen/black_queen_1_C8.png,2,queen,1,1
/home/set/projects/Solver_new_26/data/raw/chess_pieces/train/black_queen/black_queen_1_D1.png,2,queen,1,1
/home/set/projects/Solver_new_26/data/raw/chess_pieces/train/black_queen/black_queen_1_D2.png,2,queen,1,1
/home/set/projects/Solver_new_26/data/raw/chess_pieces/train/black_queen/black_queen_1_D3.png,2,queen,1,1
/home/set/projects/Solver_new_26/data/raw/chess_pieces/train/black_queen/black_queen_1_D4.png,2,queen,1,1
/home/set/projects/Solver_new_26/data/raw/chess_pieces/train/black_queen/black_queen_1_D5.png,2,queen,1,1
/home/set/projects/Solver_new_26/data/raw/chess_pieces/train/black_queen/black_queen_1_D6.png,2,queen,1,1
/home/set/projects/Solver_new_26/data/raw/chess_pieces/train/black_queen/black_queen_1_D7.png,2,queen,1,1
/home/set/projects/Solver_new_26/data/raw/chess_pieces/train/black_queen/black_queen_1_D8.png,2,queen,1,1
/home/set/projects/Solver_new_26/data/raw/chess_pieces/train/black_queen/black_queen_1_E1.png,2,queen,1,1
/home/set/projects/Solver_new_26/data/raw/chess_pieces/train/black_queen/black_queen_1_E2.png,2,queen,1,1
/home/set/projects/Solver_new_26/data/raw/chess_pieces/train/black_queen/black_queen_1_E3.png,2,queen,1,1
/home/set/projects/Solver_new_26/data/raw/chess_pieces/train/black_queen/black_queen_1_E4.png,2,queen,1,1
/home/set/projects/Solver_new_26/data/raw/chess_pieces/train/black_queen/black_queen_1_E5.png,2,queen,1,1
/home/set/projects/Solver_new_26/data/raw/chess_pieces/train/black_queen/black_queen_1_E6.png,2,queen,1,1
/home/set/projects/Solver_new_26/data/raw/chess_pieces/train/black_queen/black_queen_1_E7.png,2,queen,1,1
/home/set/projects/Solver_new_26/data/raw/chess_pieces/train/black_queen/black_queen_1_E8.png,2,queen,1,1
/home/set/projects/Solver_new_26/data/raw/chess_pieces/train/black_queen/black_queen_1_F1.png,2,queen,1,1
/home/set/projects/Solver_new_26/data/raw/chess_pieces/train/black_queen/black_queen_1_F2.png,2,queen,1,1
/home/set/projects/Solver_new_26/data/raw/chess_pieces/train/black_queen/black_queen_1_F3.png,2,queen,1,1
/home/set/projects/Solver_new_26/data/raw/chess_pieces/train/black_queen/black_queen_1_F4.png,2,queen,1,1
/home/set/projects/Solver_new_26/data/raw/chess_pieces/train/black_queen/black_queen_1_F5.png,2,queen,1,1
/home/set/projects/Solver_new_26/data/raw/chess_pieces/train/black_queen/black_queen_1_F6.png,2,queen,1,1
/home/set/projects/Solver_new_26/data/raw/chess_pieces/train/black_queen/black_queen_1_F7.png,2,queen,1,1
/home/set/projects/Solver_new_26/data/raw/chess_pieces/train/black_queen/black_queen_1_F8.png,2,queen,1,1
/home/set/projects/Solver_new_26/data/raw/chess_pieces/train/black_queen/black_queen_1_G1.png,2,queen,1,1
/home/set/projects/Solver_new_26/data/raw/chess_pieces/train/black_queen/black_queen_1_G2.png,2,queen,1,1
/home/set/projects/Solver_new_26/data/raw/chess_pieces/train/black_queen/black_queen_1_G3.png,2,queen,1,1
/home/set/projects/Solver_new_26/data/raw/chess_pieces/train/black_queen/black_queen_1_G4.png,2,queen,1,1
/home/set/projects/Solver_new_26/data/raw/chess_pieces/train/black_queen/black_queen_1_G5.png,2,queen,1,1
/home/set/projects/Solver_new_26/data/raw/chess_pieces/train/black_queen/black_queen_1_G6.png,2,queen,1,1
/home/set/projects/Solver_new_26/data/raw/chess_pieces/train/black_queen/black_queen_1_G7.png,2,queen,1,1
/home/set/projects/Solver_new_26/data/raw/chess_pieces/train/black_queen/black_queen_1_G8.png,2,queen,1,1
/home/set/projects/Solver_new_26/data/raw/chess_pieces/train/black_queen/black_queen_1_H1.png,2,queen,1,1
/home/set/projects/Solver_new_26/data/raw/chess_pieces/train/black_queen/black_queen_1_H2.png,2,queen,1,1
/home/set/projects/Solver_new_26/data/raw/chess_pieces/train/black_queen/black_queen_1_H3.png,2,queen,1,1
/home/set/projects/Solver_new_26/data/raw/chess_pieces/train/black_queen/black_queen_1_H4.png,2,queen,1,1
/home/set/projects/Solver_new_26/data/raw/chess_pieces/train/black_queen/black_queen_1_H5.png,2,queen,1,1
/home/set/projects/Solver_new_26/data/raw/chess_pieces/train/black_queen/black_queen_1_H6.png,2,queen,1,1
/home/set/projects/Solver_new_26/data/raw/chess_pieces/train/black_queen/black_queen_1_H7.png,2,queen,1,1
/home/set/projects/Solver_new_26/data/raw/chess_pieces/train/black_queen/black_queen_1_H8.png,2,queen,1,1
/home/set/projects/Solver_new_26/data/raw/chess_pieces/train/black_queen/black_queen_2_A1.png,2,queen,1,1
/home/set/projects/Solver_new_26/data/raw/chess_pieces/train/black_queen/black_queen_2_A2.png,2,queen,1,1
/home/set/projects/Solver_new_26/data/raw/chess_pieces/train/black_queen/black_queen_2_A3.png,2,queen,1,1
/home/set/projects/Solver_new_26/data/raw/chess_pieces/train/black_queen/black_queen_2_A4.png,2,queen,1,1
/home/set/projects/Solver_new_26/data/raw/chess_pieces/train/black_queen/black_queen_2_A5.png,2,queen,1,1
/home/set/projects/Solver_new_26/data/raw/chess_pieces/train/black_queen/black_queen_2_A6.png,2,queen,1,1
/home/set/projects/Solver_new_26/data/raw/chess_pieces/train/black_queen/black_queen_2_A7.png,2,queen,1,1
/home/set/projects/Solver_new_26/data/raw/chess_pieces/train/black_queen/black_queen_2_A8.png,2,queen,1,1
/home/set/projects/Solver_new_26/data/raw/chess_pieces/train/black_queen/black_queen_2_B1.png,2,queen,1,1
/home/set/projects/Solver_new_26/data/raw/chess_pieces/train/black_queen/black_queen_2_B2.png,2,queen,1,1
/home/set/projects/Solver_new_26/data/raw/chess_pieces/train/black_queen/black_queen_2_B3.png,2,queen,1,1
/home/set/projects/Solver_new_26/data/raw/chess_pieces/train/black_queen/black_queen_2_B4.png,2,queen,1,1
/home/set/projects/Solver_new_26/data/raw/chess_pieces/train/black_queen/black_queen_2_B5.png,2,queen,1,1
/home/set/projects/Solver_new_26/data/raw/chess_pieces/train/black_queen/black_queen_2_B6.png,2,queen,1,1
/home/set/projects/Solver_new_26/data/raw/chess_pieces/train/black_queen/black_queen_2_B7.png,2,queen,1,1
/home/set/projects/Solver_new_26/data/raw/chess_pieces/train/black_queen/black_queen_2_B8.png,2,queen,1,1
/home/set/projects/Solver_new_26/data/raw/chess_pieces/train/black_queen/black_queen_2_C1.png,2,queen,1,1
/home/set/projects/Solver_new_26/data/raw/chess_pieces/train/black_queen/black_queen_2_C2.png,2,queen,1,1
/home/set/projects/Solver_new_26/data/raw/chess_pieces/train/black_queen/black_queen_2_C3.png,2,queen,1,1
/home/set/projects/Solver_new_26/data/raw/chess_pieces/train/black_queen/black_queen_2_C4.png,2,queen,1,1
/home/set/projects/Solver_new_26/data/raw/chess_pieces/train/black_queen/black_queen_2_C5.png,2,queen,1,1
/home/set/projects/Solver_new_26/data/raw/chess_pieces/train/black_queen/black_queen_2_C6.png,2,queen,1,1
/home/set/projects/Solver_new_26/data/raw/chess_pieces/train/black_queen/black_queen_2_C7.png,2,queen,1,1
/home/set/projects/Solver_new_26/data/raw/chess_pieces/train/black_queen/black_queen_2_C8.png,2,queen,1,1
/home/set/projects/Solver_new_26/data/raw/chess_pieces/train/black_queen/black_queen_2_D1.png,2,queen,1,1
/home/set/projects/Solver_new_26/data/raw/chess_pieces/train/black_queen/black_queen_2_D2.png,2,queen,1,1
/home/set/projects/Solver_new_26/data/raw/chess_pieces/train/black_queen/black_queen_2_D3.png,2,queen,1,1
/home/set/projects/Solver_new_26/data/raw/chess_pieces/train/black_queen/black_queen_2_D4.png,2,queen,1,1
/home/set/projects/Solver_new_26/data/raw/chess_pieces/train/black_queen/black_queen_2_D5.png,2,queen,1,1
/home/set/projects/Solver_new_26/data/raw/chess_pieces/train/black_queen/black_queen_2_D6.png,2,queen,1,1
/home/set/projects/Solver_new_26/data/raw/chess_pieces/train/black_queen/black_queen_2_D7.png,2,queen,1,1
/home/set/projects/Solver_new_26/data/raw/chess_pieces/train/black_queen/black_queen_2_D8.png,2,queen,1,1
/home/set/projects/Solver_new_26/data/raw/chess_pieces/train/black_queen/black_queen_2_E1.png,2,queen,1,1
/home/set/projects/Solver_new_26/data/raw/chess_pieces/train/black_queen/black_queen_2_E2.png,2,queen,1,1
/home/set/projects/Solver_new_26/data/raw/chess_pieces/train/black_queen/black_queen_2_E3.png,2,queen,1,1
/home/set/projects/Solver_new_26/data/raw/chess_pieces/train/black_queen/black_queen_2_E4.png,2,queen,1,1
/home/set/projects/Solver_new_26/data/raw/chess_pieces/train/black_queen/black_queen_2_E5.png,2,queen,1,1
/home/set/projects/Solver_new_26/data/raw/chess_pieces/train/black_queen/black_queen_2_E6.png,2,queen,1,1
/home/set/projects/Solver_new_26/data/raw/chess_pieces/train/black_queen/black_queen_2_E7.png,2,queen,1,1
/home/set/projects/Solver_new_26/data/raw/chess_pieces/train/black_queen/black_queen_2_E8.png,2,queen,1,1
/home/set/projects/Solver_new_26/data/raw/chess_pieces/train/black_queen/black_queen_2_F1.png,2,queen,1,1
/home/set/projects/Solver_new_26/data/raw/chess_pieces/train/black_queen/black_queen_2_F2.png,2,queen,1,1
/home/set/projects/Solver_new_26/data/raw/chess_pieces/train/black_queen/black_queen_2_F3.png,2,queen,1,1
/home/set/projects/Solver_new_26/data/raw/chess_pieces/train/black_queen/black_queen_2_F4.png,2,queen,1,1
/home/set/projects/Solver_new_26/data/raw/chess_pieces/train/black_queen/black_queen_2_F5.png,2,queen,1,1
/home/set/projects/Solver_new_26/data/raw/chess_pieces/train/black_queen/black_queen_2_F6.png,2,queen,1,1
/home/set/projects/Solver_new_26/data/raw/chess_pieces/train/black_queen/black_queen_2_F7.png,2,queen,1,1
/home/set/projects/Solver_new_26/data/raw/chess_pieces/train/black_queen/black_queen_2_F8.png,2,queen,1,1
/home/set/projects/Solver_new_26/data/raw/chess_pieces/train/black_queen/black_queen_2_G1.png,2,queen,1,1
/home/set/projects/Solver_new_26/data/raw/chess_pieces/train/black_queen/black_queen_2_G2.png,2,queen,1,1
/home/set/projects/Solver_new_26/data/raw/chess_pieces/train/black_queen/black_queen_2_G3.png,2,queen,1,1
/home/set/projects/Solver_new_26/data/raw/chess_pieces/train/black_queen/black_queen_2_G4.png,2,queen,1,1
/home/set/projects/Solver_new_26/data/raw/chess_pieces/train/black_queen/black_queen_2_G5.png,2,queen,1,1
/home/set/projects/Solver_new_26/data/raw/chess_pieces/train/black_queen/black_queen_2_G6.png,2,queen,1,1
/home/set/projects/Solver_new_26/data/raw/chess_pieces/train/black_queen/black_queen_2_G7.png,2,queen,1,1
/home/set/projects/Solver_new_26/data/raw/chess_pieces/train/black_queen/black_queen_2_G8.png,2,queen,1,1
/home/set/projects/Solver_new_26/data/raw/chess_pieces/train/black_queen/black_queen_2_H1.png,2,queen,1,1
/home/set/projects/Solver_new_26/data/raw/chess_pieces/train/black_queen/black_queen_2_H2.png,2,queen,1,1
/home/set/projects/Solver_new_26/data/raw/chess_pieces/train/black_queen/black_queen_2_H3.png,2,queen,1,1
/home/set/projects/Solver_new_26/data/raw/chess_pieces/train/black_queen/black_queen_2_H4.png,2,queen,1,1
/home/set/projects/Solver_new_26/data/raw/chess_pieces/train/black_queen/black_queen_2_H5.png,2,queen,1,1
/home/set/projects/Solver_new_26/data/raw/chess_pieces/train/black_queen/black_queen_2_H6.png,2,queen,1,1
/home/set/projects/Solver_new_26/data/raw/chess_pieces/train/black_queen/black_queen_2_H7.png,2,queen,1,1
/home/set/projects/Solver_new_26/data/raw/chess_pieces/train/black_queen/black_queen_2_H8.png,2,queen,1,1
/home/set/projects/Solver_new_26/data/raw/chess_pieces/train/black_queen/black_queen_3_A1.png,2,queen,1,1
/home/set/projects/Solver_new_26/data/raw/chess_pieces/train/black_queen/black_queen_3_A2.png,2,queen,1,1
/home/set/projects/Solver_new_26/data/raw/chess_pieces/train/black_queen/black_queen_3_A3.png,2,queen,1,1
/home/set/projects/Solver_new_26/data/raw/chess_pieces/train/black_queen/black_queen_3_A4.png,2,queen,1,1
/home/set/projects/Solver_new_26/data/raw/chess_pieces/train/black_queen/black_queen_3_A5.png,2,queen,1,1
/home/set/projects/Solver_new_26/data/raw/chess_pieces/train/black_queen/black_queen_3_A6.png,2,queen,1,1
/home/set/projects/Solver_new_26/data/raw/chess_pieces/train/black_queen/black_queen_3_A7.png,2,queen,1,1
/home/set/projects/Solver_new_26/data/raw/chess_pieces/train/black_queen/black_queen_3_A8.png,2,queen,1,1
/home/set/projects/Solver_new_26/data/raw/chess_pieces/train/black_queen/black_queen_3_B1.png,2,queen,1,1
/home/set/projects/Solver_new_26/data/raw/chess_pieces/train/black_queen/black_queen_3_B2.png,2,queen,1,1
/home/set/projects/Solver_new_26/data/raw/chess_pieces/train/black_queen/black_queen_3_B3.png,2,queen,1,1
/home/set/projects/Solver_new_26/data/raw/chess_pieces/train/black_queen/black_queen_3_B4.png,2,queen,1,1
/home/set/projects/Solver_new_26/data/raw/chess_pieces/train/black_queen/black_queen_3_B5.png,2,queen,1,1
/home/set/projects/Solver_new_26/data/raw/chess_pieces/train/black_queen/black_queen_3_B6.png,2,queen,1,1
/home/set/projects/Solver_new_26/data/raw/chess_pieces/train/black_queen/black_queen_3_B7.png,2,queen,1,1
/home/set/projects/Solver_new_26/data/raw/chess_pieces/train/black_queen/black_queen_3_B8.png,2,queen,1,1
/home/set/projects/Solver_new_26/data/raw/chess_pieces/train/black_queen/black_queen_3_C1.png,2,queen,1,1
/home/set/projects/Solver_new_26/data/raw/chess_pieces/train/black_queen/black_queen_3_C2.png,2,queen,1,1
/home/set/projects/Solver_new_26/data/raw/chess_pieces/train/black_queen/black_queen_3_C3.png,2,queen,1,1
/home/set/projects/Solver_new_26/data/raw/chess_pieces/train/black_queen/black_queen_3_C4.png,2,queen,1,1
/home/set/projects/Solver_new_26/data/raw/chess_pieces/train/black_queen/black_queen_3_C5.png,2,queen,1,1
/home/set/projects/Solver_new_26/data/raw/chess_pieces/train/black_queen/black_queen_3_C6.png,2,queen,1,1
/home/set/projects/Solver_new_26/data/raw/chess_pieces/train/black_queen/black_queen_3_C7.png,2,queen,1,1
/home/set/projects/Solver_new_26/data/raw/chess_pieces/train/black_queen/black_queen_3_C8.png,2,queen,1,1
/home/set/projects/Solver_new_26/data/raw/chess_pieces/train/black_queen/black_queen_3_D1.png,2,queen,1,1
/home/set/projects/Solver_new_26/data/raw/chess_pieces/train/black_queen/black_queen_3_D2.png,2,queen,1,1
/home/set/projects/Solver_new_26/data/raw/chess_pieces/train/black_queen/black_queen_3_D3.png,2,queen,1,1
/home/set/projects/Solver_new_26/data/raw/chess_pieces/train/black_queen/black_queen_3_D4.png,2,queen,1,1
/home/set/projects/Solver_new_26/data/raw/chess_pieces/train/black_queen/black_queen_3_D5.png,2,queen,1,1
/home/set/projects/Solver_new_26/data/raw/chess_pieces/train/black_queen/black_queen_3_D6.png,2,queen,1,1
/home/set/projects/Solver_new_26/data/raw/chess_pieces/train/black_queen/black_queen_3_D7.png,2,queen,1,1
/home/set/projects/Solver_new_26/data/raw/chess_pieces/train/black_queen/black_queen_3_D8.png,2,queen,1,1
/home/set/projects/Solver_new_26/data/raw/chess_pieces/train/black_queen/black_queen_3_E1.png,2,queen,1,1
/home/set/projects/Solver_new_26/data/raw/chess_pieces/train/black_queen/black_queen_3_E2.png,2,queen,1,1
/home/set/projects/Solver_new_26/data/raw/chess_pieces/train/black_queen/black_queen_3_E3.png,2,queen,1,1
/home/set/projects/Solver_new_26/data/raw/chess_pieces/train/black_queen/black_queen_3_E4.png,2,queen,1,1
/home/set/projects/Solver_new_26/data/raw/chess_pieces/train/black_queen/black_queen_3_E5.png,2,queen,1,1
/home/set/projects/Solver_new_26/data/raw/chess_pieces/train/black_queen/black_queen_3_E6.png,2,queen,1,1
/home/set/projects/Solver_new_26/data/raw/chess_pieces/train/black_queen/black_queen_3_E7.png,2,queen,1,1
/home/set/projects/Solver_new_26/data/raw/chess_pieces/train/black_queen/black_queen_3_E8.png,2,queen,1,1
/home/set/projects/Solver_new_26/data/raw/chess_pieces/train/black_queen/black_queen_3_F1.png,2,queen,1,1
/home/set/projects/Solver_new_26/data/raw/chess_pieces/train/black_queen/black_queen_3_F2.png,2,queen,1,1
/home/set/projects/Solver_new_26/data/raw/chess_pieces/train/black_queen/black_queen_3_F3.png,2,queen,1,1
/home/set/projects/Solver_new_26/data/raw/chess_pieces/train/black_queen/black_queen_3_F4.png,2,queen,1,1
/home/set/projects/Solver_new_26/data/raw/chess_pieces/train/black_queen/black_queen_3_F5.png,2,queen,1,1
/home/set/projects/Solver_new_26/data/raw/chess_pieces/train/black_queen/black_queen_3_F6.png,2,queen,1,1
/home/set/projects/Solver_new_26/data/raw/chess_pieces/train/black_queen/black_queen_3_F7.png,2,queen,1,1
/home/set/projects/Solver_new_26/data/raw/chess_pieces/train/black_queen/black_queen_3_F8.png,2,queen,1,1
/home/set/projects/Solver_new_26/data/raw/chess_pieces/train/black_queen/black_queen_3_G1.png,2,queen,1,1
/home/set/projects/Solver_new_26/data/raw/chess_pieces/train/black_queen/black_queen_3_G2.png,2,queen,1,1
/home/set/projects/Solver_new_26/data/raw/chess_pieces/train/black_queen/black_queen_3_G3.png,2,queen,1,1
/home/set/projects/Solver_new_26/data/raw/chess_pieces/train/black_queen/black_queen_3_G4.png,2,queen,1,1
/home/set/projects/Solver_new_26/data/raw/chess_pieces/train/black_queen/black_queen_3_G5.png,2,queen,1,1
/home/set/projects/Solver_new_26/data/raw/chess_pieces/train/black_queen/black_queen_3_G6.png,2,queen,1,1
/home/set/projects/Solver_new_26/data/raw/chess_pieces/train/black_queen/black_queen_3_G7.png,2,queen,1,1
/home/set/projects/Solver_new_26/data/raw/chess_pieces/train/black_queen/black_queen_3_G8.png,2,queen,1,1
/home/set/projects/Solver_new_26/data/raw/chess_pieces/train/black_queen/black_queen_3_H1.png,2,queen,1,1
/home/set/projects/Solver_new_26/data/raw/chess_pieces/train/black_queen/black_queen_3_H2.png,2,queen,1,1
/home/set/projects/Solver_new_26/data/raw/chess_pieces/train/black_queen/black_queen_3_H3.png,2,queen,1,1
/home/set/projects/Solver_new_26/data/raw/chess_pieces/train/black_queen/black_queen_3_H4.png,2,queen,1,1
/home/set/projects/Solver_new_26/data/raw/chess_pieces/train/black_queen/black_queen_3_H5.png,2,queen,1,1
/home/set/projects/Solver_new_26/data/raw/chess_pieces/train/black_queen/black_queen_3_H6.png,2,queen,1,1
/home/set/projects/Solver_new_26/data/raw/chess_pieces/train/black_queen/black_queen_3_H7.png,2,queen,1,1
/home/set/projects/Solver_new_26/data/raw/chess_pieces/train/black_queen/black_queen_3_H8.png,2,queen,1,1
/home/set/projects/Solver_new_26/data/raw/chess_pieces/train/black_rook/black_rook_1_A1.png,2,rook,1,1
/home/set/projects/Solver_new_26/data/raw/chess_pieces/train/black_rook/black_rook_1_A2.png,2,rook,1,1
/home/set/projects/Solver_new_26/data/raw/chess_pieces/train/black_rook/black_rook_1_A3.png,2,rook,1,1
/home/set/projects/Solver_new_26/data/raw/chess_pieces/train/black_rook/black_rook_1_A4.png,2,rook,1,1
/home/set/projects/Solver_new_26/data/raw/chess_pieces/train/black_rook/black_rook_1_A5.png,2,rook,1,1
/home/set/projects/Solver_new_26/data/raw/chess_pieces/train/black_rook/black_rook_1_A6.png,2,rook,1,1
/home/set/projects/Solver_new_26/data/raw/chess_pieces/train/black_rook/black_rook_1_A7.png,2,rook,1,1
/home/set/projects/Solver_new_26/data/raw/chess_pieces/train/black_rook/black_rook_1_A8.png,2,rook,1,1
/home/set/projects/Solver_new_26/data/raw/chess_pieces/train/black_rook/black_rook_1_B1.png,2,rook,1,1
/home/set/projects/Solver_new_26/data/raw/chess_pieces/train/black_rook/black_rook_1_B2.png,2,rook,1,1
/home/set/projects/Solver_new_26/data/raw/chess_pieces/train/black_rook/black_rook_1_B3.png,2,rook,1,1
/home/set/projects/Solver_new_26/data/raw/chess_pieces/train/black_rook/black_rook_1_B4.png,2,rook,1,1
/home/set/projects/Solver_new_26/data/raw/chess_pieces/train/black_rook/black_rook_1_B5.png,2,rook,1,1
/home/set/projects/Solver_new_26/data/raw/chess_pieces/train/black_rook/black_rook_1_B6.png,2,rook,1,1
/home/set/projects/Solver_new_26/data/raw/chess_pieces/train/black_rook/black_rook_1_B7.png,2,rook,1,1
/home/set/projects/Solver_new_26/data/raw/chess_pieces/train/black_rook/black_rook_1_B8.png,2,rook,1,1
/home/set/projects/Solver_new_26/data/raw/chess_pieces/train/black_rook/black_rook_1_C1.png,2,rook,1,1
/home/set/projects/Solver_new_26/data/raw/chess_pieces/train/black_rook/black_rook_1_C2.png,2,rook,1,1
/home/set/projects/Solver_new_26/data/raw/chess_pieces/train/black_rook/black_rook_1_C3.png,2,rook,1,1
/home/set/projects/Solver_new_26/data/raw/chess_pieces/train/black_rook/black_rook_1_C4.png,2,rook,1,1
/home/set/projects/Solver_new_26/data/raw/chess_pieces/train/black_rook/black_rook_1_C5.png,2,rook,1,1
/home/set/projects/Solver_new_26/data/raw/chess_pieces/train/black_rook/black_rook_1_C6.png,2,rook,1,1
/home/set/projects/Solver_new_26/data/raw/chess_pieces/train/black_rook/black_rook_1_C7.png,2,rook,1,1
/home/set/projects/Solver_new_26/data/raw/chess_pieces/train/black_rook/black_rook_1_C8.png,2,rook,1,1
/home/set/projects/Solver_new_26/data/raw/chess_pieces/train/black_rook/black_rook_1_D1.png,2,rook,1,1
/home/set/projects/Solver_new_26/data/raw/chess_pieces/train/black_rook/black_rook_1_D2.png,2,rook,1,1
/home/set/projects/Solver_new_26/data/raw/chess_pieces/train/black_rook/black_rook_1_D3.png,2,rook,1,1
/home/set/projects/Solver_new_26/data/raw/chess_pieces/train/black_rook/black_rook_1_D4.png,2,rook,1,1
/home/set/projects/Solver_new_26/data/raw/chess_pieces/train/black_rook/black_rook_1_D5.png,2,rook,1,1
/home/set/projects/Solver_new_26/data/raw/chess_pieces/train/black_rook/black_rook_1_D6.png,2,rook,1,1
/home/set/projects/Solver_new_26/data/raw/chess_pieces/train/black_rook/black_rook_1_D7.png,2,rook,1,1
/home/set/projects/Solver_new_26/data/raw/chess_pieces/train/black_rook/black_rook_1_D8.png,2,rook,1,1
/home/set/projects/Solver_new_26/data/raw/chess_pieces/train/black_rook/black_rook_1_E1.png,2,rook,1,1
/home/set/projects/Solver_new_26/data/raw/chess_pieces/train/black_rook/black_rook_1_E2.png,2,rook,1,1
/home/set/projects/Solver_new_26/data/raw/chess_pieces/train/black_rook/black_rook_1_E3.png,2,rook,1,1
/home/set/projects/Solver_new_26/data/raw/chess_pieces/train/black_rook/black_rook_1_E4.png,2,rook,1,1
/home/set/projects/Solver_new_26/data/raw/chess_pieces/train/black_rook/black_rook_1_E5.png,2,rook,1,1
/home/set/projects/Solver_new_26/data/raw/chess_pieces/train/black_rook/black_rook_1_E6.png,2,rook,1,1
/home/set/projects/Solver_new_26/data/raw/chess_pieces/train/black_rook/black_rook_1_E7.png,2,rook,1,1
/home/set/projects/Solver_new_26/data/raw/chess_pieces/train/black_rook/black_rook_1_E8.png,2,rook,1,1
/home/set/projects/Solver_new_26/data/raw/chess_pieces/train/black_rook/black_rook_1_F1.png,2,rook,1,1
/home/set/projects/Solver_new_26/data/raw/chess_pieces/train/black_rook/black_rook_1_F2.png,2,rook,1,1
/home/set/projects/Solver_new_26/data/raw/chess_pieces/train/black_rook/black_rook_1_F3.png,2,rook,1,1
/home/set/projects/Solver_new_26/data/raw/chess_pieces/train/black_rook/black_rook_1_F4.png,2,rook,1,1
/home/set/projects/Solver_new_26/data/raw/chess_pieces/train/black_rook/black_rook_1_F5.png,2,rook,1,1
/home/set/projects/Solver_new_26/data/raw/chess_pieces/train/black_rook/black_rook_1_F6.png,2,rook,1,1
/home/set/projects/Solver_new_26/data/raw/chess_pieces/train/black_rook/black_rook_1_F7.png,2,rook,1,1
/home/set/projects/Solver_new_26/data/raw/chess_pieces/train/black_rook/black_rook_1_F8.png,2,rook,1,1
/home/set/projects/Solver_new_26/data/raw/chess_pieces/train/black_rook/black_rook_1_G1.png,2,rook,1,1
/home/set/projects/Solver_new_26/data/raw/chess_pieces/train/black_rook/black_rook_1_G2.png,2,rook,1,1
/home/set/projects/Solver_new_26/data/raw/chess_pieces/train/black_rook/black_rook_1_G3.png,2,rook,1,1
/home/set/projects/Solver_new_26/data/raw/chess_pieces/train/black_rook/black_rook_1_G4.png,2,rook,1,1
/home/set/projects/Solver_new_26/data/raw/chess_pieces/train/black_rook/black_rook_1_G5.png,2,rook,1,1
/home/set/projects/Solver_new_26/data/raw/chess_pieces/train/black_rook/black_rook_1_G6.png,2,rook,1,1
/home/set/projects/Solver_new_26/data/raw/chess_pieces/train/black_rook/black_rook_1_G7.png,2,rook,1,1
/home/set/projects/Solver_new_26/data/raw/chess_pieces/train/black_rook/black_rook_1_G8.png,2,rook,1,1
/home/set/projects/Solver_new_26/data/raw/chess_pieces/train/black_rook/black_rook_1_H1.png,2,rook,1,1
/home/set/projects/Solver_new_26/data/raw/chess_pieces/train/black_rook/black_rook_1_H2.png,2,rook,1,1
/home/set/projects/Solver_new_26/data/raw/chess_pieces/train/black_rook/black_rook_1_H3.png,2,rook,1,1
/home/set/projects/Solver_new_26/data/raw/chess_pieces/train/black_rook/black_rook_1_H4.png,2,rook,1,1
/home/set/projects/Solver_new_26/data/raw/chess_pieces/train/black_rook/black_rook_1_H5.png,2,rook,1,1
/home/set/projects/Solver_new_26/data/raw/chess_pieces/train/black_rook/black_rook_1_H6.png,2,rook,1,1
/home/set/projects/Solver_new_26/data/raw/chess_pieces/train/black_rook/black_rook_1_H7.png,2,rook,1,1
/home/set/projects/Solver_new_26/data/raw/chess_pieces/train/black_rook/black_rook_1_H8.png,2,rook,1,1
/home/set/projects/Solver_new_26/data/raw/chess_pieces/train/black_rook/black_rook_2_A1.png,2,rook,1,1
/home/set/projects/Solver_new_26/data/raw/chess_pieces/train/black_rook/black_rook_2_A2.png,2,rook,1,1
/home/set/projects/Solver_new_26/data/raw/chess_pieces/train/black_rook/black_rook_2_A3.png,2,rook,1,1
/home/set/projects/Solver_new_26/data/raw/chess_pieces/train/black_rook/black_rook_2_A4.png,2,rook,1,1
/home/set/projects/Solver_new_26/data/raw/chess_pieces/train/black_rook/black_rook_2_A5.png,2,rook,1,1
/home/set/projects/Solver_new_26/data/raw/chess_pieces/train/black_rook/black_rook_2_A6.png,2,rook,1,1
/home/set/projects/Solver_new_26/data/raw/chess_pieces/train/black_rook/black_rook_2_A7.png,2,rook,1,1
/home/set/projects/Solver_new_26/data/raw/chess_pieces/train/black_rook/black_rook_2_A8.png,2,rook,1,1
/home/set/projects/Solver_new_26/data/raw/chess_pieces/train/black_rook/black_rook_2_B1.png,2,rook,1,1
/home/set/projects/Solver_new_26/data/raw/chess_pieces/train/black_rook/black_rook_2_B2.png,2,rook,1,1
/home/set/projects/Solver_new_26/data/raw/chess_pieces/train/black_rook/black_rook_2_B3.png,2,rook,1,1
/home/set/projects/Solver_new_26/data/raw/chess_pieces/train/black_rook/black_rook_2_B4.png,2,rook,1,1
/home/set/projects/Solver_new_26/data/raw/chess_pieces/train/black_rook/black_rook_2_B5.png,2,rook,1,1
/home/set/projects/Solver_new_26/data/raw/chess_pieces/train/black_rook/black_rook_2_B6.png,2,rook,1,1
/home/set/projects/Solver_new_26/data/raw/chess_pieces/train/black_rook/black_rook_2_B7.png,2,rook,1,1
/home/set/projects/Solver_new_26/data/raw/chess_pieces/train/black_rook/black_rook_2_B8.png,2,rook,1,1
/home/set/projects/Solver_new_26/data/raw/chess_pieces/train/black_rook/black_rook_2_C1.png,2,rook,1,1
/home/set/projects/Solver_new_26/data/raw/chess_pieces/train/black_rook/black_rook_2_C2.png,2,rook,1,1
/home/set/projects/Solver_new_26/data/raw/chess_pieces/train/black_rook/black_rook_2_C3.png,2,rook,1,1
/home/set/projects/Solver_new_26/data/raw/chess_pieces/train/black_rook/black_rook_2_C4.png,2,rook,1,1
/home/set/projects/Solver_new_26/data/raw/chess_pieces/train/black_rook/black_rook_2_C5.png,2,rook,1,1
/home/set/projects/Solver_new_26/data/raw/chess_pieces/train/black_rook/black_rook_2_C6.png,2,rook,1,1
/home/set/projects/Solver_new_26/data/raw/chess_pieces/train/black_rook/black_rook_2_C7.png,2,rook,1,1
/home/set/projects/Solver_new_26/data/raw/chess_pieces/train/black_rook/black_rook_2_C8.png,2,rook,1,1
/home/set/projects/Solver_new_26/data/raw/chess_pieces/train/black_rook/black_rook_2_D1.png,2,rook,1,1
/home/set/projects/Solver_new_26/data/raw/chess_pieces/train/black_rook/black_rook_2_D2.png,2,rook,1,1
/home/set/projects/Solver_new_26/data/raw/chess_pieces/train/black_rook/black_rook_2_D3.png,2,rook,1,1
/home/set/projects/Solver_new_26/data/raw/chess_pieces/train/black_rook/black_rook_2_D4.png,2,rook,1,1
/home/set/projects/Solver_new_26/data/raw/chess_pieces/train/black_rook/black_rook_2_D5.png,2,rook,1,1
/home/set/projects/Solver_new_26/data/raw/chess_pieces/train/black_rook/black_rook_2_D6.png,2,rook,1,1
/home/set/projects/Solver_new_26/data/raw/chess_pieces/train/black_rook/black_rook_2_D7.png,2,rook,1,1
/home/set/projects/Solver_new_26/data/raw/chess_pieces/train/black_rook/black_rook_2_D8.png,2,rook,1,1
/home/set/projects/Solver_new_26/data/raw/chess_pieces/train/black_rook/black_rook_2_E1.png,2,rook,1,1
/home/set/projects/Solver_new_26/data/raw/chess_pieces/train/black_rook/black_rook_2_E2.png,2,rook,1,1
/home/set/projects/Solver_new_26/data/raw/chess_pieces/train/black_rook/black_rook_2_E3.png,2,rook,1,1
/home/set/projects/Solver_new_26/data/raw/chess_pieces/train/black_rook/black_rook_2_E4.png,2,rook,1,1
/home/set/projects/Solver_new_26/data/raw/chess_pieces/train/black_rook/black_rook_2_E5.png,2,rook,1,1
/home/set/projects/Solver_new_26/data/raw/chess_pieces/train/black_rook/black_rook_2_E6.png,2,rook,1,1
/home/set/projects/Solver_new_26/data/raw/chess_pieces/train/black_rook/black_rook_2_E7.png,2,rook,1,1
/home/set/projects/Solver_new_26/data/raw/chess_pieces/train/black_rook/black_rook_2_E8.png,2,rook,1,1
/home/set/projects/Solver_new_26/data/raw/chess_pieces/train/black_rook/black_rook_2_F1.png,2,rook,1,1
/home/set/projects/Solver_new_26/data/raw/chess_pieces/train/black_rook/black_rook_2_F2.png,2,rook,1,1
/home/set/projects/Solver_new_26/data/raw/chess_pieces/train/black_rook/black_rook_2_F3.png,2,rook,1,1
/home/set/projects/Solver_new_26/data/raw/chess_pieces/train/black_rook/black_rook_2_F4.png,2,rook,1,1
/home/set/projects/Solver_new_26/data/raw/chess_pieces/train/black_rook/black_rook_2_F5.png,2,rook,1,1
/home/set/projects/Solver_new_26/data/raw/chess_pieces/train/black_rook/black_rook_2_F6.png,2,rook,1,1
/home/set/projects/Solver_new_26/data/raw/chess_pieces/train/black_rook/black_rook_2_F7.png,2,rook,1,1
/home/set/projects/Solver_new_26/data/raw/chess_pieces/train/black_rook/black_rook_2_F8.png,2,rook,1,1
/home/set/projects/Solver_new_26/data/raw/chess_pieces/train/black_rook/black_rook_2_G1.png,2,rook,1,1
/home/set/projects/Solver_new_26/data/raw/chess_pieces/train/black_rook/black_rook_2_G2.png,2,rook,1,1
/home/set/projects/Solver_new_26/data/raw/chess_pieces/train/black_rook/black_rook_2_G3.png,2,rook,1,1
/home/set/projects/Solver_new_26/data/raw/chess_pieces/train/black_rook/black_rook_2_G4.png,2,rook,1,1
/home/set/projects/Solver_new_26/data/raw/chess_pieces/train/black_rook/black_rook_2_G5.png,2,rook,1,1
/home/set/projects/Solver_new_26/data/raw/chess_pieces/train/black_rook/black_rook_2_G6.png,2,rook,1,1
/home/set/projects/Solver_new_26/data/raw/chess_pieces/train/black_rook/black_rook_2_G7.png,2,rook,1,1
/home/set/projects/Solver_new_26/data/raw/chess_pieces/train/black_rook/black_rook_2_G8.png,2,rook,1,1
/home/set/projects/Solver_new_26/data/raw/chess_pieces/train/black_rook/black_rook_2_H1.png,2,rook,1,1
/home/set/projects/Solver_new_26/data/raw/chess_pieces/train/black_rook/black_rook_2_H2.png,2,rook,1,1
/home/set/projects/Solver_new_26/data/raw/chess_pieces/train/black_rook/black_rook_2_H3.png,2,rook,1,1
/home/set/projects/Solver_new_26/data/raw/chess_pieces/train/black_rook/black_rook_2_H4.png,2,rook,1,1
/home/set/projects/Solver_new_26/data/raw/chess_pieces/train/black_rook/black_rook_2_H5.png,2,rook,1,1
/home/set/projects/Solver_new_26/data/raw/chess_pieces/train/black_rook/black_rook_2_H6.png,2,rook,1,1
/home/set/projects/Solver_new_26/data/raw/chess_pieces/train/black_rook/black_rook_2_H7.png,2,rook,1,1
/home/set/projects/Solver_new_26/data/raw/chess_pieces/train/black_rook/black_rook_2_H8.png,2,rook,1,1
/home/set/projects/Solver_new_26/data/raw/chess_pieces/train/black_rook/black_rook_3_A1.png,2,rook,1,1
/home/set/projects/Solver_new_26/data/raw/chess_pieces/train/black_rook/black_rook_3_A2.png,2,rook,1,1
/home/set/projects/Solver_new_26/data/raw/chess_pieces/train/black_rook/black_rook_3_A3.png,2,rook,1,1
/home/set/projects/Solver_new_26/data/raw/chess_pieces/train/black_rook/black_rook_3_A4.png,2,rook,1,1
/home/set/projects/Solver_new_26/data/raw/chess_pieces/train/black_rook/black_rook_3_A5.png,2,rook,1,1
/home/set/projects/Solver_new_26/data/raw/chess_pieces/train/black_rook/black_rook_3_A6.png,2,rook,1,1
/home/set/projects/Solver_new_26/data/raw/chess_pieces/train/black_rook/black_rook_3_A7.png,2,rook,1,1
/home/set/projects/Solver_new_26/data/raw/chess_pieces/train/black_rook/black_rook_3_A8.png,2,rook,1,1
/home/set/projects/Solver_new_26/data/raw/chess_pieces/train/black_rook/black_rook_3_B1.png,2,rook,1,1
/home/set/projects/Solver_new_26/data/raw/chess_pieces/train/black_rook/black_rook_3_B2.png,2,rook,1,1
/home/set/projects/Solver_new_26/data/raw/chess_pieces/train/black_rook/black_rook_3_B3.png,2,rook,1,1
/home/set/projects/Solver_new_26/data/raw/chess_pieces/train/black_rook/black_rook_3_B4.png,2,rook,1,1
/home/set/projects/Solver_new_26/data/raw/chess_pieces/train/black_rook/black_rook_3_B5.png,2,rook,1,1
/home/set/projects/Solver_new_26/data/raw/chess_pieces/train/black_rook/black_rook_3_B6.png,2,rook,1,1
/home/set/projects/Solver_new_26/data/raw/chess_pieces/train/black_rook/black_rook_3_B7.png,2,rook,1,1
/home/set/projects/Solver_new_26/data/raw/chess_pieces/train/black_rook/black_rook_3_B8.png,2,rook,1,1
/home/set/projects/Solver_new_26/data/raw/chess_pieces/train/black_rook/black_rook_3_C1.png,2,rook,1,1
/home/set/projects/Solver_new_26/data/raw/chess_pieces/train/black_rook/black_rook_3_C2.png,2,rook,1,1
/home/set/projects/Solver_new_26/data/raw/chess_pieces/train/black_rook/black_rook_3_C3.png,2,rook,1,1
/home/set/projects/Solver_new_26/data/raw/chess_pieces/train/black_rook/black_rook_3_C4.png,2,rook,1,1
/home/set/projects/Solver_new_26/data/raw/chess_pieces/train/black_rook/black_rook_3_C5.png,2,rook,1,1
/home/set/projects/Solver_new_26/data/raw/chess_pieces/train/black_rook/black_rook_3_C6.png,2,rook,1,1
/home/set/projects/Solver_new_26/data/raw/chess_pieces/train/black_rook/black_rook_3_C7.png,2,rook,1,1
/home/set/projects/Solver_new_26/data/raw/chess_pieces/train/black_rook/black_rook_3_C8.png,2,rook,1,1
/home/set/projects/Solver_new_26/data/raw/chess_pieces/train/black_rook/black_rook_3_D1.png,2,rook,1,1
/home/set/projects/Solver_new_26/data/raw/chess_pieces/train/black_rook/black_rook_3_D2.png,2,rook,1,1
/home/set/projects/Solver_new_26/data/raw/chess_pieces/train/black_rook/black_rook_3_D3.png,2,rook,1,1
/home/set/projects/Solver_new_26/data/raw/chess_pieces/train/black_rook/black_rook_3_D4.png,2,rook,1,1
/home/set/projects/Solver_new_26/data/raw/chess_pieces/train/black_rook/black_rook_3_D5.png,2,rook,1,1
/home/set/projects/Solver_new_26/data/raw/chess_pieces/train/black_rook/black_rook_3_D6.png,2,rook,1,1
/home/set/projects/Solver_new_26/data/raw/chess_pieces/train/black_rook/black_rook_3_D7.png,2,rook,1,1
/home/set/projects/Solver_new_26/data/raw/chess_pieces/train/black_rook/black_rook_3_D8.png,2,rook,1,1
/home/set/projects/Solver_new_26/data/raw/chess_pieces/train/black_rook/black_rook_3_E1.png,2,rook,1,1
/home/set/projects/Solver_new_26/data/raw/chess_pieces/train/black_rook/black_rook_3_E2.png,2,rook,1,1
/home/set/projects/Solver_new_26/data/raw/chess_pieces/train/black_rook/black_rook_3_E3.png,2,rook,1,1
/home/set/projects/Solver_new_26/data/raw/chess_pieces/train/black_rook/black_rook_3_E4.png,2,rook,1,1
/home/set/projects/Solver_new_26/data/raw/chess_pieces/train/black_rook/black_rook_3_E5.png,2,rook,1,1
/home/set/projects/Solver_new_26/data/raw/chess_pieces/train/black_rook/black_rook_3_E6.png,2,rook,1,1
/home/set/projects/Solver_new_26/data/raw/chess_pieces/train/black_rook/black_rook_3_E7.png,2,rook,1,1
/home/set/projects/Solver_new_26/data/raw/chess_pieces/train/black_rook/black_rook_3_E8.png,2,rook,1,1
/home/set/projects/Solver_new_26/data/raw/chess_pieces/train/black_rook/black_rook_3_F1.png,2,rook,1,1
/home/set/projects/Solver_new_26/data/raw/chess_pieces/train/black_rook/black_rook_3_F2.png,2,rook,1,1
/home/set/projects/Solver_new_26/data/raw/chess_pieces/train/black_rook/black_rook_3_F3.png,2,rook,1,1
/home/set/projects/Solver_new_26/data/raw/chess_pieces/train/black_rook/black_rook_3_F4.png,2,rook,1,1
/home/set/projects/Solver_new_26/data/raw/chess_pieces/train/black_rook/black_rook_3_F5.png,2,rook,1,1
/home/set/projects/Solver_new_26/data/raw/chess_pieces/train/black_rook/black_rook_3_F6.png,2,rook,1,1
/home/set/projects/Solver_new_26/data/raw/chess_pieces/train/black_rook/black_rook_3_F7.png,2,rook,1,1
/home/set/projects/Solver_new_26/data/raw/chess_pieces/train/black_rook/black_rook_3_F8.png,2,rook,1,1
/home/set/projects/Solver_new_26/data/raw/chess_pieces/train/black_rook/black_rook_3_G1.png,2,rook,1,1
/home/set/projects/Solver_new_26/data/raw/chess_pieces/train/black_rook/black_rook_3_G2.png,2,rook,1,1
/home/set/projects/Solver_new_26/data/raw/chess_pieces/train/black_rook/black_rook_3_G3.png,2,rook,1,1
/home/set/projects/Solver_new_26/data/raw/chess_pieces/train/black_rook/black_rook_3_G4.png,2,rook,1,1
/home/set/projects/Solver_new_26/data/raw/chess_pieces/train/black_rook/black_rook_3_G5.png,2,rook,1,1
/home/set/projects/Solver_new_26/data/raw/chess_pieces/train/black_rook/black_rook_3_G6.png,2,rook,1,1
/home/set/projects/Solver_new_26/data/raw/chess_pieces/train/black_rook/black_rook_3_G7.png,2,rook,1,1
/home/set/projects/Solver_new_26/data/raw/chess_pieces/train/black_rook/black_rook_3_G8.png,2,rook,1,1
/home/set/projects/Solver_new_26/data/raw/chess_pieces/train/black_rook/black_rook_3_H1.png,2,rook,1,1
/home/set/projects/Solver_new_26/data/raw/chess_pieces/train/black_rook/black_rook_3_H2.png,2,rook,1,1
/home/set/projects/Solver_new_26/data/raw/chess_pieces/train/black_rook/black_rook_3_H3.png,2,rook,1,1
/home/set/projects/Solver_new_26/data/raw/chess_pieces/train/black_rook/black_rook_3_H4.png,2,rook,1,1
/home/set/projects/Solver_new_26/data/raw/chess_pieces/train/black_rook/black_rook_3_H5.png,2,rook,1,1
/home/set/projects/Solver_new_26/data/raw/chess_pieces/train/black_rook/black_rook_3_H6.png,2,rook,1,1
/home/set/projects/Solver_new_26/data/raw/chess_pieces/train/black_rook/black_rook_3_H7.png,2,rook,1,1
/home/set/projects/Solver_new_26/data/raw/chess_pieces/train/black_rook/black_rook_3_H8.png,2,rook,1,1
/home/set/projects/Solver_new_26/data/raw/chess_pieces/train/empty/A1.png,0,none,1,1
/home/set/projects/Solver_new_26/data/raw/chess_pieces/train/empty/A2.png,0,none,1,1
/home/set/projects/Solver_new_26/data/raw/chess_pieces/train/empty/A3.png,0,none,1,1
/home/set/projects/Solver_new_26/data/raw/chess_pieces/train/empty/A4.png,0,none,1,1
/home/set/projects/Solver_new_26/data/raw/chess_pieces/train/empty/A5.png,0,none,1,1
/home/set/projects/Solver_new_26/data/raw/chess_pieces/train/empty/A6.png,0,none,1,1
/home/set/projects/Solver_new_26/data/raw/chess_pieces/train/empty/A7.png,0,none,1,1
/home/set/projects/Solver_new_26/data/raw/chess_pieces/train/empty/A8.png,0,none,1,1
/home/set/projects/Solver_new_26/data/raw/chess_pieces/train/empty/B1.png,0,none,1,1
/home/set/projects/Solver_new_26/data/raw/chess_pieces/train/empty/B2.png,0,none,1,1
/home/set/projects/Solver_new_26/data/raw/chess_pieces/train/empty/B3.png,0,none,1,1
/home/set/projects/Solver_new_26/data/raw/chess_pieces/train/empty/B4.png,0,none,1,1
/home/set/projects/Solver_new_26/data/raw/chess_pieces/train/empty/B5.png,0,none,1,1
/home/set/projects/Solver_new_26/data/raw/chess_pieces/train/empty/B6.png,0,none,1,1
/home/set/projects/Solver_new_26/data/raw/chess_pieces/train/empty/B7.png,0,none,1,1
/home/set/projects/Solver_new_26/data/raw/chess_pieces/train/empty/B8.png,0,none,1,1
/home/set/projects/Solver_new_26/data/raw/chess_pieces/train/empty/C1.png,0,none,1,1
/home/set/projects/Solver_new_26/data/raw/chess_pieces/train/empty/C2.png,0,none,1,1
/home/set/projects/Solver_new_26/data/raw/chess_pieces/train/empty/C3.png,0,none,1,1
/home/set/projects/Solver_new_26/data/raw/chess_pieces/train/empty/C4.png,0,none,1,1
/home/set/projects/Solver_new_26/data/raw/chess_pieces/train/empty/C5.png,0,none,1,1
/home/set/projects/Solver_new_26/data/raw/chess_pieces/train/empty/C6.png,0,none,1,1
/home/set/projects/Solver_new_26/data/raw/chess_pieces/train/empty/C7.png,0,none,1,1
/home/set/projects/Solver_new_26/data/raw/chess_pieces/train/empty/C8.png,0,none,1,1
/home/set/projects/Solver_new_26/data/raw/chess_pieces/train/empty/D1.png,0,none,1,1
/home/set/projects/Solver_new_26/data/raw/chess_pieces/train/empty/D2.png,0,none,1,1
/home/set/projects/Solver_new_26/data/raw/chess_pieces/train/empty/D3.png,0,none,1,1
/home/set/projects/Solver_new_26/data/raw/chess_pieces/train/empty/D4.png,0,none,1,1
/home/set/projects/Solver_new_26/data/raw/chess_pieces/train/empty/D5.png,0,none,1,1
/home/set/projects/Solver_new_26/data/raw/chess_pieces/train/empty/D6.png,0,none,1,1
/home/set/projects/Solver_new_26/data/raw/chess_pieces/train/empty/D7.png,0,none,1,1
/home/set/projects/Solver_new_26/data/raw/chess_pieces/train/empty/D8.png,0,none,1,1
/home/set/projects/Solver_new_26/data/raw/chess_pieces/train/empty/E1.png,0,none,1,1
/home/set/projects/Solver_new_26/data/raw/chess_pieces/train/empty/E2.png,0,none,1,1
/home/set/projects/Solver_new_26/data/raw/chess_pieces/train/empty/E3.png,0,none,1,1
/home/set/projects/Solver_new_26/data/raw/chess_pieces/train/empty/E4.png,0,none,1,1
/home/set/projects/Solver_new_26/data/raw/chess_pieces/train/empty/E5.png,0,none,1,1
/home/set/projects/Solver_new_26/data/raw/chess_pieces/train/empty/E6.png,0,none,1,1
/home/set/projects/Solver_new_26/data/raw/chess_pieces/train/empty/E7.png,0,none,1,1
/home/set/projects/Solver_new_26/data/raw/chess_pieces/train/empty/E8.png,0,none,1,1
/home/set/projects/Solver_new_26/data/raw/chess_pieces/train/empty/F1.png,0,none,1,1
/home/set/projects/Solver_new_26/data/raw/chess_pieces/train/empty/F2.png,0,none,1,1
/home/set/projects/Solver_new_26/data/raw/chess_pieces/train/empty/F3.png,0,none,1,1
/home/set/projects/Solver_new_26/data/raw/chess_pieces/train/empty/F4.png,0,none,1,1
/home/set/projects/Solver_new_26/data/raw/chess_pieces/train/empty/F5.png,0,none,1,1
/home/set/projects/Solver_new_26/data/raw/chess_pieces/train/empty/F6.png,0,none,1,1
/home/set/projects/Solver_new_26/data/raw/chess_pieces/train/empty/F7.png,0,none,1,1
/home/set/projects/Solver_new_26/data/raw/chess_pieces/train/empty/F8.png,0,none,1,1
/home/set/projects/Solver_new_26/data/raw/chess_pieces/train/empty/G1.png,0,none,1,1
/home/set/projects/Solver_new_26/data/raw/chess_pieces/train/empty/G2.png,0,none,1,1
/home/set/projects/Solver_new_26/data/raw/chess_pieces/train/empty/G3.png,0,none,1,1
/home/set/projects/Solver_new_26/data/raw/chess_pieces/train/empty/G4.png,0,none,1,1
/home/set/projects/Solver_new_26/data/raw/chess_pieces/train/empty/G5.png,0,none,1,1
/home/set/projects/Solver_new_26/data/raw/chess_pieces/train/empty/G6.png,0,none,1,1
/home/set/projects/Solver_new_26/data/raw/chess_pieces/train/empty/G7.png,0,none,1,1
/home/set/projects/Solver_new_26/data/raw/chess_pieces/train/empty/G8.png,0,none,1,1
/home/set/projects/Solver_new_26/data/raw/chess_pieces/train/empty/H1.png,0,none,1,1
/home/set/projects/Solver_new_26/data/raw/chess_pieces/train/empty/H2.png,0,none,1,1
/home/set/projects/Solver_new_26/data/raw/chess_pieces/train/empty/H3.png,0,none,1,1
/home/set/projects/Solver_new_26/data/raw/chess_pieces/train/empty/H4.png,0,none,1,1
/home/set/projects/Solver_new_26/data/raw/chess_pieces/train/empty/H5.png,0,none,1,1
/home/set/projects/Solver_new_26/data/raw/chess_pieces/train/empty/H6.png,0,none,1,1
/home/set/projects/Solver_new_26/data/raw/chess_pieces/train/empty/H7.png,0,none,1,1
/home/set/projects/Solver_new_26/data/raw/chess_pieces/train/empty/H8.png,0,none,1,1
/home/set/projects/Solver_new_26/data/raw/chess_pieces/train/white_bishop/white_bishop_1_A1.png,1,bishop,1,1
/home/set/projects/Solver_new_26/data/raw/chess_pieces/train/white_bishop/white_bishop_1_A2.png,1,bishop,1,1
/home/set/projects/Solver_new_26/data/raw/chess_pieces/train/white_bishop/white_bishop_1_A3.png,1,bishop,1,1
/home/set/projects/Solver_new_26/data/raw/chess_pieces/train/white_bishop/white_bishop_1_A4.png,1,bishop,1,1
/home/set/projects/Solver_new_26/data/raw/chess_pieces/train/white_bishop/white_bishop_1_A5.png,1,bishop,1,1
/home/set/projects/Solver_new_26/data/raw/chess_pieces/train/white_bishop/white_bishop_1_A6.png,1,bishop,1,1
/home/set/projects/Solver_new_26/data/raw/chess_pieces/train/white_bishop/white_bishop_1_A7.png,1,bishop,1,1
/home/set/projects/Solver_new_26/data/raw/chess_pieces/train/white_bishop/white_bishop_1_A8.png,1,bishop,1,1
/home/set/projects/Solver_new_26/data/raw/chess_pieces/train/white_bishop/white_bishop_1_B1.png,1,bishop,1,1
/home/set/projects/Solver_new_26/data/raw/chess_pieces/train/white_bishop/white_bishop_1_B2.png,1,bishop,1,1
/home/set/projects/Solver_new_26/data/raw/chess_pieces/train/white_bishop/white_bishop_1_B3.png,1,bishop,1,1
/home/set/projects/Solver_new_26/data/raw/chess_pieces/train/white_bishop/white_bishop_1_B4.png,1,bishop,1,1
/home/set/projects/Solver_new_26/data/raw/chess_pieces/train/white_bishop/white_bishop_1_B5.png,1,bishop,1,1
/home/set/projects/Solver_new_26/data/raw/chess_pieces/train/white_bishop/white_bishop_1_B6.png,1,bishop,1,1
/home/set/projects/Solver_new_26/data/raw/chess_pieces/train/white_bishop/white_bishop_1_B7.png,1,bishop,1,1
/home/set/projects/Solver_new_26/data/raw/chess_pieces/train/white_bishop/white_bishop_1_B8.png,1,bishop,1,1
/home/set/projects/Solver_new_26/data/raw/chess_pieces/train/white_bishop/white_bishop_1_C1.png,1,bishop,1,1
/home/set/projects/Solver_new_26/data/raw/chess_pieces/train/white_bishop/white_bishop_1_C2.png,1,bishop,1,1
/home/set/projects/Solver_new_26/data/raw/chess_pieces/train/white_bishop/white_bishop_1_C3.png,1,bishop,1,1
/home/set/projects/Solver_new_26/data/raw/chess_pieces/train/white_bishop/white_bishop_1_C4.png,1,bishop,1,1
/home/set/projects/Solver_new_26/data/raw/chess_pieces/train/white_bishop/white_bishop_1_C5.png,1,bishop,1,1
/home/set/projects/Solver_new_26/data/raw/chess_pieces/train/white_bishop/white_bishop_1_C6.png,1,bishop,1,1
/home/set/projects/Solver_new_26/data/raw/chess_pieces/train/white_bishop/white_bishop_1_C7.png,1,bishop,1,1
/home/set/projects/Solver_new_26/data/raw/chess_pieces/train/white_bishop/white_bishop_1_C8.png,1,bishop,1,1
/home/set/projects/Solver_new_26/data/raw/chess_pieces/train/white_bishop/white_bishop_1_D1.png,1,bishop,1,1
/home/set/projects/Solver_new_26/data/raw/chess_pieces/train/white_bishop/white_bishop_1_D2.png,1,bishop,1,1
/home/set/projects/Solver_new_26/data/raw/chess_pieces/train/white_bishop/white_bishop_1_D3.png,1,bishop,1,1
/home/set/projects/Solver_new_26/data/raw/chess_pieces/train/white_bishop/white_bishop_1_D4.png,1,bishop,1,1
/home/set/projects/Solver_new_26/data/raw/chess_pieces/train/white_bishop/white_bishop_1_D5.png,1,bishop,1,1
/home/set/projects/Solver_new_26/data/raw/chess_pieces/train/white_bishop/white_bishop_1_D6.png,1,bishop,1,1
/home/set/projects/Solver_new_26/data/raw/chess_pieces/train/white_bishop/white_bishop_1_D7.png,1,bishop,1,1
/home/set/projects/Solver_new_26/data/raw/chess_pieces/train/white_bishop/white_bishop_1_D8.png,1,bishop,1,1
/home/set/projects/Solver_new_26/data/raw/chess_pieces/train/white_bishop/white_bishop_1_E1.png,1,bishop,1,1
/home/set/projects/Solver_new_26/data/raw/chess_pieces/train/white_bishop/white_bishop_1_E2.png,1,bishop,1,1
/home/set/projects/Solver_new_26/data/raw/chess_pieces/train/white_bishop/white_bishop_1_E3.png,1,bishop,1,1
/home/set/projects/Solver_new_26/data/raw/chess_pieces/train/white_bishop/white_bishop_1_E4.png,1,bishop,1,1
/home/set/projects/Solver_new_26/data/raw/chess_pieces/train/white_bishop/white_bishop_1_E5.png,1,bishop,1,1
/home/set/projects/Solver_new_26/data/raw/chess_pieces/train/white_bishop/white_bishop_1_E6.png,1,bishop,1,1
/home/set/projects/Solver_new_26/data/raw/chess_pieces/train/white_bishop/white_bishop_1_E7.png,1,bishop,1,1
/home/set/projects/Solver_new_26/data/raw/chess_pieces/train/white_bishop/white_bishop_1_E8.png,1,bishop,1,1
/home/set/projects/Solver_new_26/data/raw/chess_pieces/train/white_bishop/white_bishop_1_F1.png,1,bishop,1,1
/home/set/projects/Solver_new_26/data/raw/chess_pieces/train/white_bishop/white_bishop_1_F2.png,1,bishop,1,1
/home/set/projects/Solver_new_26/data/raw/chess_pieces/train/white_bishop/white_bishop_1_F3.png,1,bishop,1,1
/home/set/projects/Solver_new_26/data/raw/chess_pieces/train/white_bishop/white_bishop_1_F4.png,1,bishop,1,1
/home/set/projects/Solver_new_26/data/raw/chess_pieces/train/white_bishop/white_bishop_1_F5.png,1,bishop,1,1
/home/set/projects/Solver_new_26/data/raw/chess_pieces/train/white_bishop/white_bishop_1_F6.png,1,bishop,1,1
/home/set/projects/Solver_new_26/data/raw/chess_pieces/train/white_bishop/white_bishop_1_F7.png,1,bishop,1,1
/home/set/projects/Solver_new_26/data/raw/chess_pieces/train/white_bishop/white_bishop_1_F8.png,1,bishop,1,1
/home/set/projects/Solver_new_26/data/raw/chess_pieces/train/white_bishop/white_bishop_1_G1.png,1,bishop,1,1
/home/set/projects/Solver_new_26/data/raw/chess_pieces/train/white_bishop/white_bishop_1_G2.png,1,bishop,1,1
/home/set/projects/Solver_new_26/data/raw/chess_pieces/train/white_bishop/white_bishop_1_G3.png,1,bishop,1,1
/home/set/projects/Solver_new_26/data/raw/chess_pieces/train/white_bishop/white_bishop_1_G4.png,1,bishop,1,1
/home/set/projects/Solver_new_26/data/raw/chess_pieces/train/white_bishop/white_bishop_1_G5.png,1,bishop,1,1
/home/set/projects/Solver_new_26/data/raw/chess_pieces/train/white_bishop/white_bishop_1_G6.png,1,bishop,1,1
/home/set/projects/Solver_new_26/data/raw/chess_pieces/train/white_bishop/white_bishop_1_G7.png,1,bishop,1,1
/home/set/projects/Solver_new_26/data/raw/chess_pieces/train/white_bishop/white_bishop_1_G8.png,1,bishop,1,1
/home/set/projects/Solver_new_26/data/raw/chess_pieces/train/white_bishop/white_bishop_1_H1.png,1,bishop,1,1
/home/set/projects/Solver_new_26/data/raw/chess_pieces/train/white_bishop/white_bishop_1_H2.png,1,bishop,1,1
/home/set/projects/Solver_new_26/data/raw/chess_pieces/train/white_bishop/white_bishop_1_H3.png,1,bishop,1,1
/home/set/projects/Solver_new_26/data/raw/chess_pieces/train/white_bishop/white_bishop_1_H4.png,1,bishop,1,1
/home/set/projects/Solver_new_26/data/raw/chess_pieces/train/white_bishop/white_bishop_1_H5.png,1,bishop,1,1
/home/set/projects/Solver_new_26/data/raw/chess_pieces/train/white_bishop/white_bishop_1_H6.png,1,bishop,1,1
/home/set/projects/Solver_new_26/data/raw/chess_pieces/train/white_bishop/white_bishop_1_H7.png,1,bishop,1,1
/home/set/projects/Solver_new_26/data/raw/chess_pieces/train/white_bishop/white_bishop_1_H8.png,1,bishop,1,1
/home/set/projects/Solver_new_26/data/raw/chess_pieces/train/white_bishop/white_bishop_2_A1.png,1,bishop,1,1
/home/set/projects/Solver_new_26/data/raw/chess_pieces/train/white_bishop/white_bishop_2_A2.png,1,bishop,1,1
/home/set/projects/Solver_new_26/data/raw/chess_pieces/train/white_bishop/white_bishop_2_A3.png,1,bishop,1,1
/home/set/projects/Solver_new_26/data/raw/chess_pieces/train/white_bishop/white_bishop_2_A4.png,1,bishop,1,1
/home/set/projects/Solver_new_26/data/raw/chess_pieces/train/white_bishop/white_bishop_2_A5.png,1,bishop,1,1
/home/set/projects/Solver_new_26/data/raw/chess_pieces/train/white_bishop/white_bishop_2_A6.png,1,bishop,1,1
/home/set/projects/Solver_new_26/data/raw/chess_pieces/train/white_bishop/white_bishop_2_A7.png,1,bishop,1,1
/home/set/projects/Solver_new_26/data/raw/chess_pieces/train/white_bishop/white_bishop_2_A8.png,1,bishop,1,1
/home/set/projects/Solver_new_26/data/raw/chess_pieces/train/white_bishop/white_bishop_2_B1.png,1,bishop,1,1
/home/set/projects/Solver_new_26/data/raw/chess_pieces/train/white_bishop/white_bishop_2_B2.png,1,bishop,1,1
/home/set/projects/Solver_new_26/data/raw/chess_pieces/train/white_bishop/white_bishop_2_B3.png,1,bishop,1,1
/home/set/projects/Solver_new_26/data/raw/chess_pieces/train/white_bishop/white_bishop_2_B4.png,1,bishop,1,1
/home/set/projects/Solver_new_26/data/raw/chess_pieces/train/white_bishop/white_bishop_2_B5.png,1,bishop,1,1
/home/set/projects/Solver_new_26/data/raw/chess_pieces/train/white_bishop/white_bishop_2_B6.png,1,bishop,1,1
/home/set/projects/Solver_new_26/data/raw/chess_pieces/train/white_bishop/white_bishop_2_B7.png,1,bishop,1,1
/home/set/projects/Solver_new_26/data/raw/chess_pieces/train/white_bishop/white_bishop_2_B8.png,1,bishop,1,1
/home/set/projects/Solver_new_26/data/raw/chess_pieces/train/white_bishop/white_bishop_2_C1.png,1,bishop,1,1
/home/set/projects/Solver_new_26/data/raw/chess_pieces/train/white_bishop/white_bishop_2_C2.png,1,bishop,1,1
/home/set/projects/Solver_new_26/data/raw/chess_pieces/train/white_bishop/white_bishop_2_C3.png,1,bishop,1,1
/home/set/projects/Solver_new_26/data/raw/chess_pieces/train/white_bishop/white_bishop_2_C4.png,1,bishop,1,1
/home/set/projects/Solver_new_26/data/raw/chess_pieces/train/white_bishop/white_bishop_2_C5.png,1,bishop,1,1
/home/set/projects/Solver_new_26/data/raw/chess_pieces/train/white_bishop/white_bishop_2_C6.png,1,bishop,1,1
/home/set/projects/Solver_new_26/data/raw/chess_pieces/train/white_bishop/white_bishop_2_C7.png,1,bishop,1,1
/home/set/projects/Solver_new_26/data/raw/chess_pieces/train/white_bishop/white_bishop_2_C8.png,1,bishop,1,1
/home/set/projects/Solver_new_26/data/raw/chess_pieces/train/white_bishop/white_bishop_2_D1.png,1,bishop,1,1
/home/set/projects/Solver_new_26/data/raw/chess_pieces/train/white_bishop/white_bishop_2_D2.png,1,bishop,1,1
/home/set/projects/Solver_new_26/data/raw/chess_pieces/train/white_bishop/white_bishop_2_D3.png,1,bishop,1,1
/home/set/projects/Solver_new_26/data/raw/chess_pieces/train/white_bishop/white_bishop_2_D4.png,1,bishop,1,1
/home/set/projects/Solver_new_26/data/raw/chess_pieces/train/white_bishop/white_bishop_2_D5.png,1,bishop,1,1
/home/set/projects/Solver_new_26/data/raw/chess_pieces/train/white_bishop/white_bishop_2_D6.png,1,bishop,1,1
/home/set/projects/Solver_new_26/data/raw/chess_pieces/train/white_bishop/white_bishop_2_D7.png,1,bishop,1,1
/home/set/projects/Solver_new_26/data/raw/chess_pieces/train/white_bishop/white_bishop_2_D8.png,1,bishop,1,1
/home/set/projects/Solver_new_26/data/raw/chess_pieces/train/white_bishop/white_bishop_2_E1.png,1,bishop,1,1
/home/set/projects/Solver_new_26/data/raw/chess_pieces/train/white_bishop/white_bishop_2_E2.png,1,bishop,1,1
/home/set/projects/Solver_new_26/data/raw/chess_pieces/train/white_bishop/white_bishop_2_E3.png,1,bishop,1,1
/home/set/projects/Solver_new_26/data/raw/chess_pieces/train/white_bishop/white_bishop_2_E4.png,1,bishop,1,1
/home/set/projects/Solver_new_26/data/raw/chess_pieces/train/white_bishop/white_bishop_2_E5.png,1,bishop,1,1
/home/set/projects/Solver_new_26/data/raw/chess_pieces/train/white_bishop/white_bishop_2_E6.png,1,bishop,1,1
/home/set/projects/Solver_new_26/data/raw/chess_pieces/train/white_bishop/white_bishop_2_E7.png,1,bishop,1,1
/home/set/projects/Solver_new_26/data/raw/chess_pieces/train/white_bishop/white_bishop_2_E8.png,1,bishop,1,1
/home/set/projects/Solver_new_26/data/raw/chess_pieces/train/white_bishop/white_bishop_2_F1.png,1,bishop,1,1
/home/set/projects/Solver_new_26/data/raw/chess_pieces/train/white_bishop/white_bishop_2_F2.png,1,bishop,1,1
/home/set/projects/Solver_new_26/data/raw/chess_pieces/train/white_bishop/white_bishop_2_F3.png,1,bishop,1,1
/home/set/projects/Solver_new_26/data/raw/chess_pieces/train/white_bishop/white_bishop_2_F4.png,1,bishop,1,1
/home/set/projects/Solver_new_26/data/raw/chess_pieces/train/white_bishop/white_bishop_2_F5.png,1,bishop,1,1
/home/set/projects/Solver_new_26/data/raw/chess_pieces/train/white_bishop/white_bishop_2_F6.png,1,bishop,1,1
/home/set/projects/Solver_new_26/data/raw/chess_pieces/train/white_bishop/white_bishop_2_F7.png,1,bishop,1,1
/home/set/projects/Solver_new_26/data/raw/chess_pieces/train/white_bishop/white_bishop_2_F8.png,1,bishop,1,1
/home/set/projects/Solver_new_26/data/raw/chess_pieces/train/white_bishop/white_bishop_2_G1.png,1,bishop,1,1
/home/set/projects/Solver_new_26/data/raw/chess_pieces/train/white_bishop/white_bishop_2_G2.png,1,bishop,1,1
/home/set/projects/Solver_new_26/data/raw/chess_pieces/train/white_bishop/white_bishop_2_G3.png,1,bishop,1,1
/home/set/projects/Solver_new_26/data/raw/chess_pieces/train/white_bishop/white_bishop_2_G4.png,1,bishop,1,1
/home/set/projects/Solver_new_26/data/raw/chess_pieces/train/white_bishop/white_bishop_2_G5.png,1,bishop,1,1
/home/set/projects/Solver_new_26/data/raw/chess_pieces/train/white_bishop/white_bishop_2_G6.png,1,bishop,1,1
/home/set/projects/Solver_new_26/data/raw/chess_pieces/train/white_bishop/white_bishop_2_G7.png,1,bishop,1,1
/home/set/projects/Solver_new_26/data/raw/chess_pieces/train/white_bishop/white_bishop_2_G8.png,1,bishop,1,1
/home/set/projects/Solver_new_26/data/raw/chess_pieces/train/white_bishop/white_bishop_2_H1.png,1,bishop,1,1
/home/set/projects/Solver_new_26/data/raw/chess_pieces/train/white_bishop/white_bishop_2_H2.png,1,bishop,1,1
/home/set/projects/Solver_new_26/data/raw/chess_pieces/train/white_bishop/white_bishop_2_H3.png,1,bishop,1,1
/home/set/projects/Solver_new_26/data/raw/chess_pieces/train/white_bishop/white_bishop_2_H4.png,1,bishop,1,1
/home/set/projects/Solver_new_26/data/raw/chess_pieces/train/white_bishop/white_bishop_2_H5.png,1,bishop,1,1
/home/set/projects/Solver_new_26/data/raw/chess_pieces/train/white_bishop/white_bishop_2_H6.png,1,bishop,1,1
/home/set/projects/Solver_new_26/data/raw/chess_pieces/train/white_bishop/white_bishop_2_H7.png,1,bishop,1,1
/home/set/projects/Solver_new_26/data/raw/chess_pieces/train/white_bishop/white_bishop_2_H8.png,1,bishop,1,1
/home/set/projects/Solver_new_26/data/raw/chess_pieces/train/white_bishop/white_bishop_3_A1.png,1,bishop,1,1
/home/set/projects/Solver_new_26/data/raw/chess_pieces/train/white_bishop/white_bishop_3_A2.png,1,bishop,1,1
/home/set/projects/Solver_new_26/data/raw/chess_pieces/train/white_bishop/white_bishop_3_A3.png,1,bishop,1,1
/home/set/projects/Solver_new_26/data/raw/chess_pieces/train/white_bishop/white_bishop_3_A4.png,1,bishop,1,1
/home/set/projects/Solver_new_26/data/raw/chess_pieces/train/white_bishop/white_bishop_3_A5.png,1,bishop,1,1
/home/set/projects/Solver_new_26/data/raw/chess_pieces/train/white_bishop/white_bishop_3_A6.png,1,bishop,1,1
/home/set/projects/Solver_new_26/data/raw/chess_pieces/train/white_bishop/white_bishop_3_A7.png,1,bishop,1,1
/home/set/projects/Solver_new_26/data/raw/chess_pieces/train/white_bishop/white_bishop_3_A8.png,1,bishop,1,1
/home/set/projects/Solver_new_26/data/raw/chess_pieces/train/white_bishop/white_bishop_3_B1.png,1,bishop,1,1
/home/set/projects/Solver_new_26/data/raw/chess_pieces/train/white_bishop/white_bishop_3_B2.png,1,bishop,1,1
/home/set/projects/Solver_new_26/data/raw/chess_pieces/train/white_bishop/white_bishop_3_B3.png,1,bishop,1,1
/home/set/projects/Solver_new_26/data/raw/chess_pieces/train/white_bishop/white_bishop_3_B4.png,1,bishop,1,1
/home/set/projects/Solver_new_26/data/raw/chess_pieces/train/white_bishop/white_bishop_3_B5.png,1,bishop,1,1
/home/set/projects/Solver_new_26/data/raw/chess_pieces/train/white_bishop/white_bishop_3_B6.png,1,bishop,1,1
/home/set/projects/Solver_new_26/data/raw/chess_pieces/train/white_bishop/white_bishop_3_B7.png,1,bishop,1,1
/home/set/projects/Solver_new_26/data/raw/chess_pieces/train/white_bishop/white_bishop_3_B8.png,1,bishop,1,1
/home/set/projects/Solver_new_26/data/raw/chess_pieces/train/white_bishop/white_bishop_3_C1.png,1,bishop,1,1
/home/set/projects/Solver_new_26/data/raw/chess_pieces/train/white_bishop/white_bishop_3_C2.png,1,bishop,1,1
/home/set/projects/Solver_new_26/data/raw/chess_pieces/train/white_bishop/white_bishop_3_C3.png,1,bishop,1,1
/home/set/projects/Solver_new_26/data/raw/chess_pieces/train/white_bishop/white_bishop_3_C4.png,1,bishop,1,1
/home/set/projects/Solver_new_26/data/raw/chess_pieces/train/white_bishop/white_bishop_3_C5.png,1,bishop,1,1
/home/set/projects/Solver_new_26/data/raw/chess_pieces/train/white_bishop/white_bishop_3_C6.png,1,bishop,1,1
/home/set/projects/Solver_new_26/data/raw/chess_pieces/train/white_bishop/white_bishop_3_C7.png,1,bishop,1,1
/home/set/projects/Solver_new_26/data/raw/chess_pieces/train/white_bishop/white_bishop_3_C8.png,1,bishop,1,1
/home/set/projects/Solver_new_26/data/raw/chess_pieces/train/white_bishop/white_bishop_3_D1.png,1,bishop,1,1
/home/set/projects/Solver_new_26/data/raw/chess_pieces/train/white_bishop/white_bishop_3_D2.png,1,bishop,1,1
/home/set/projects/Solver_new_26/data/raw/chess_pieces/train/white_bishop/white_bishop_3_D3.png,1,bishop,1,1
/home/set/projects/Solver_new_26/data/raw/chess_pieces/train/white_bishop/white_bishop_3_D4.png,1,bishop,1,1
/home/set/projects/Solver_new_26/data/raw/chess_pieces/train/white_bishop/white_bishop_3_D5.png,1,bishop,1,1
/home/set/projects/Solver_new_26/data/raw/chess_pieces/train/white_bishop/white_bishop_3_D6.png,1,bishop,1,1
/home/set/projects/Solver_new_26/data/raw/chess_pieces/train/white_bishop/white_bishop_3_D7.png,1,bishop,1,1
/home/set/projects/Solver_new_26/data/raw/chess_pieces/train/white_bishop/white_bishop_3_D8.png,1,bishop,1,1
/home/set/projects/Solver_new_26/data/raw/chess_pieces/train/white_bishop/white_bishop_3_E1.png,1,bishop,1,1
/home/set/projects/Solver_new_26/data/raw/chess_pieces/train/white_bishop/white_bishop_3_E2.png,1,bishop,1,1
/home/set/projects/Solver_new_26/data/raw/chess_pieces/train/white_bishop/white_bishop_3_E3.png,1,bishop,1,1
/home/set/projects/Solver_new_26/data/raw/chess_pieces/train/white_bishop/white_bishop_3_E4.png,1,bishop,1,1
/home/set/projects/Solver_new_26/data/raw/chess_pieces/train/white_bishop/white_bishop_3_E5.png,1,bishop,1,1
/home/set/projects/Solver_new_26/data/raw/chess_pieces/train/white_bishop/white_bishop_3_E6.png,1,bishop,1,1
/home/set/projects/Solver_new_26/data/raw/chess_pieces/train/white_bishop/white_bishop_3_E7.png,1,bishop,1,1
/home/set/projects/Solver_new_26/data/raw/chess_pieces/train/white_bishop/white_bishop_3_E8.png,1,bishop,1,1
/home/set/projects/Solver_new_26/data/raw/chess_pieces/train/white_bishop/white_bishop_3_F1.png,1,bishop,1,1
/home/set/projects/Solver_new_26/data/raw/chess_pieces/train/white_bishop/white_bishop_3_F2.png,1,bishop,1,1
/home/set/projects/Solver_new_26/data/raw/chess_pieces/train/white_bishop/white_bishop_3_F3.png,1,bishop,1,1
/home/set/projects/Solver_new_26/data/raw/chess_pieces/train/white_bishop/white_bishop_3_F4.png,1,bishop,1,1
/home/set/projects/Solver_new_26/data/raw/chess_pieces/train/white_bishop/white_bishop_3_F5.png,1,bishop,1,1
/home/set/projects/Solver_new_26/data/raw/chess_pieces/train/white_bishop/white_bishop_3_F6.png,1,bishop,1,1
/home/set/projects/Solver_new_26/data/raw/chess_pieces/train/white_bishop/white_bishop_3_F7.png,1,bishop,1,1
/home/set/projects/Solver_new_26/data/raw/chess_pieces/train/white_bishop/white_bishop_3_F8.png,1,bishop,1,1
/home/set/projects/Solver_new_26/data/raw/chess_pieces/train/white_bishop/white_bishop_3_G1.png,1,bishop,1,1
/home/set/projects/Solver_new_26/data/raw/chess_pieces/train/white_bishop/white_bishop_3_G2.png,1,bishop,1,1
/home/set/projects/Solver_new_26/data/raw/chess_pieces/train/white_bishop/white_bishop_3_G3.png,1,bishop,1,1
/home/set/projects/Solver_new_26/data/raw/chess_pieces/train/white_bishop/white_bishop_3_G4.png,1,bishop,1,1
/home/set/projects/Solver_new_26/data/raw/chess_pieces/train/white_bishop/white_bishop_3_G5.png,1,bishop,1,1
/home/set/projects/Solver_new_26/data/raw/chess_pieces/train/white_bishop/white_bishop_3_G6.png,1,bishop,1,1
/home/set/projects/Solver_new_26/data/raw/chess_pieces/train/white_bishop/white_bishop_3_G7.png,1,bishop,1,1
/home/set/projects/Solver_new_26/data/raw/chess_pieces/train/white_bishop/white_bishop_3_G8.png,1,bishop,1,1
/home/set/projects/Solver_new_26/data/raw/chess_pieces/train/white_bishop/white_bishop_3_H1.png,1,bishop,1,1
/home/set/projects/Solver_new_26/data/raw/chess_pieces/train/white_bishop/white_bishop_3_H2.png,1,bishop,1,1
/home/set/projects/Solver_new_26/data/raw/chess_pieces/train/white_bishop/white_bishop_3_H3.png,1,bishop,1,1
/home/set/projects/Solver_new_26/data/raw/chess_pieces/train/white_bishop/white_bishop_3_H4.png,1,bishop,1,1
/home/set/projects/Solver_new_26/data/raw/chess_pieces/train/white_bishop/white_bishop_3_H5.png,1,bishop,1,1
/home/set/projects/Solver_new_26/data/raw/chess_pieces/train/white_bishop/white_bishop_3_H6.png,1,bishop,1,1
/home/set/projects/Solver_new_26/data/raw/chess_pieces/train/white_bishop/white_bishop_3_H7.png,1,bishop,1,1
/home/set/projects/Solver_new_26/data/raw/chess_pieces/train/white_bishop/white_bishop_3_H8.png,1,bishop,1,1
/home/set/projects/Solver_new_26/data/raw/chess_pieces/train/white_king/white_king_1_A1.png,1,king,1,1
/home/set/projects/Solver_new_26/data/raw/chess_pieces/train/white_king/white_king_1_A2.png,1,king,1,1
/home/set/projects/Solver_new_26/data/raw/chess_pieces/train/white_king/white_king_1_A3.png,1,king,1,1
/home/set/projects/Solver_new_26/data/raw/chess_pieces/train/white_king/white_king_1_A4.png,1,king,1,1
/home/set/projects/Solver_new_26/data/raw/chess_pieces/train/white_king/white_king_1_A5.png,1,king,1,1
/home/set/projects/Solver_new_26/data/raw/chess_pieces/train/white_king/white_king_1_A6.png,1,king,1,1
/home/set/projects/Solver_new_26/data/raw/chess_pieces/train/white_king/white_king_1_A7.png,1,king,1,1
/home/set/projects/Solver_new_26/data/raw/chess_pieces/train/white_king/white_king_1_A8.png,1,king,1,1
/home/set/projects/Solver_new_26/data/raw/chess_pieces/train/white_king/white_king_1_B1.png,1,king,1,1
/home/set/projects/Solver_new_26/data/raw/chess_pieces/train/white_king/white_king_1_B2.png,1,king,1,1
/home/set/projects/Solver_new_26/data/raw/chess_pieces/train/white_king/white_king_1_B3.png,1,king,1,1
/home/set/projects/Solver_new_26/data/raw/chess_pieces/train/white_king/white_king_1_B4.png,1,king,1,1
/home/set/projects/Solver_new_26/data/raw/chess_pieces/train/white_king/white_king_1_B5.png,1,king,1,1
/home/set/projects/Solver_new_26/data/raw/chess_pieces/train/white_king/white_king_1_B6.png,1,king,1,1
/home/set/projects/Solver_new_26/data/raw/chess_pieces/train/white_king/white_king_1_B7.png,1,king,1,1
/home/set/projects/Solver_new_26/data/raw/chess_pieces/train/white_king/white_king_1_B8.png,1,king,1,1
/home/set/projects/Solver_new_26/data/raw/chess_pieces/train/white_king/white_king_1_C1.png,1,king,1,1
/home/set/projects/Solver_new_26/data/raw/chess_pieces/train/white_king/white_king_1_C2.png,1,king,1,1
/home/set/projects/Solver_new_26/data/raw/chess_pieces/train/white_king/white_king_1_C3.png,1,king,1,1
/home/set/projects/Solver_new_26/data/raw/chess_pieces/train/white_king/white_king_1_C4.png,1,king,1,1
/home/set/projects/Solver_new_26/data/raw/chess_pieces/train/white_king/white_king_1_C5.png,1,king,1,1
/home/set/projects/Solver_new_26/data/raw/chess_pieces/train/white_king/white_king_1_C6.png,1,king,1,1
/home/set/projects/Solver_new_26/data/raw/chess_pieces/train/white_king/white_king_1_C7.png,1,king,1,1
/home/set/projects/Solver_new_26/data/raw/chess_pieces/train/white_king/white_king_1_C8.png,1,king,1,1
/home/set/projects/Solver_new_26/data/raw/chess_pieces/train/white_king/white_king_1_D1.png,1,king,1,1
/home/set/projects/Solver_new_26/data/raw/chess_pieces/train/white_king/white_king_1_D2.png,1,king,1,1
/home/set/projects/Solver_new_26/data/raw/chess_pieces/train/white_king/white_king_1_D3.png,1,king,1,1
/home/set/projects/Solver_new_26/data/raw/chess_pieces/train/white_king/white_king_1_D4.png,1,king,1,1
/home/set/projects/Solver_new_26/data/raw/chess_pieces/train/white_king/white_king_1_D5.png,1,king,1,1
/home/set/projects/Solver_new_26/data/raw/chess_pieces/train/white_king/white_king_1_D6.png,1,king,1,1
/home/set/projects/Solver_new_26/data/raw/chess_pieces/train/white_king/white_king_1_D7.png,1,king,1,1
/home/set/projects/Solver_new_26/data/raw/chess_pieces/train/white_king/white_king_1_D8.png,1,king,1,1
/home/set/projects/Solver_new_26/data/raw/chess_pieces/train/white_king/white_king_1_E1.png,1,king,1,1
/home/set/projects/Solver_new_26/data/raw/chess_pieces/train/white_king/white_king_1_E2.png,1,king,1,1
/home/set/projects/Solver_new_26/data/raw/chess_pieces/train/white_king/white_king_1_E3.png,1,king,1,1
/home/set/projects/Solver_new_26/data/raw/chess_pieces/train/white_king/white_king_1_E4.png,1,king,1,1
/home/set/projects/Solver_new_26/data/raw/chess_pieces/train/white_king/white_king_1_E5.png,1,king,1,1
/home/set/projects/Solver_new_26/data/raw/chess_pieces/train/white_king/white_king_1_E6.png,1,king,1,1
/home/set/projects/Solver_new_26/data/raw/chess_pieces/train/white_king/white_king_1_E7.png,1,king,1,1
/home/set/projects/Solver_new_26/data/raw/chess_pieces/train/white_king/white_king_1_E8.png,1,king,1,1
/home/set/projects/Solver_new_26/data/raw/chess_pieces/train/white_king/white_king_1_F1.png,1,king,1,1
/home/set/projects/Solver_new_26/data/raw/chess_pieces/train/white_king/white_king_1_F2.png,1,king,1,1
/home/set/projects/Solver_new_26/data/raw/chess_pieces/train/white_king/white_king_1_F3.png,1,king,1,1
/home/set/projects/Solver_new_26/data/raw/chess_pieces/train/white_king/white_king_1_F4.png,1,king,1,1
/home/set/projects/Solver_new_26/data/raw/chess_pieces/train/white_king/white_king_1_F5.png,1,king,1,1
/home/set/projects/Solver_new_26/data/raw/chess_pieces/train/white_king/white_king_1_F6.png,1,king,1,1
/home/set/projects/Solver_new_26/data/raw/chess_pieces/train/white_king/white_king_1_F7.png,1,king,1,1
/home/set/projects/Solver_new_26/data/raw/chess_pieces/train/white_king/white_king_1_F8.png,1,king,1,1
/home/set/projects/Solver_new_26/data/raw/chess_pieces/train/white_king/white_king_1_G1.png,1,king,1,1
/home/set/projects/Solver_new_26/data/raw/chess_pieces/train/white_king/white_king_1_G2.png,1,king,1,1
/home/set/projects/Solver_new_26/data/raw/chess_pieces/train/white_king/white_king_1_G3.png,1,king,1,1
/home/set/projects/Solver_new_26/data/raw/chess_pieces/train/white_king/white_king_1_G4.png,1,king,1,1
/home/set/projects/Solver_new_26/data/raw/chess_pieces/train/white_king/white_king_1_G5.png,1,king,1,1
/home/set/projects/Solver_new_26/data/raw/chess_pieces/train/white_king/white_king_1_G6.png,1,king,1,1
/home/set/projects/Solver_new_26/data/raw/chess_pieces/train/white_king/white_king_1_G7.png,1,king,1,1
/home/set/projects/Solver_new_26/data/raw/chess_pieces/train/white_king/white_king_1_G8.png,1,king,1,1
/home/set/projects/Solver_new_26/data/raw/chess_pieces/train/white_king/white_king_1_H1.png,1,king,1,1
/home/set/projects/Solver_new_26/data/raw/chess_pieces/train/white_king/white_king_1_H2.png,1,king,1,1
/home/set/projects/Solver_new_26/data/raw/chess_pieces/train/white_king/white_king_1_H3.png,1,king,1,1
/home/set/projects/Solver_new_26/data/raw/chess_pieces/train/white_king/white_king_1_H4.png,1,king,1,1
/home/set/projects/Solver_new_26/data/raw/chess_pieces/train/white_king/white_king_1_H5.png,1,king,1,1
/home/set/projects/Solver_new_26/data/raw/chess_pieces/train/white_king/white_king_1_H6.png,1,king,1,1
/home/set/projects/Solver_new_26/data/raw/chess_pieces/train/white_king/white_king_1_H7.png,1,king,1,1
/home/set/projects/Solver_new_26/data/raw/chess_pieces/train/white_king/white_king_1_H8.png,1,king,1,1
/home/set/projects/Solver_new_26/data/raw/chess_pieces/train/white_king/white_king_2_A1.png,1,king,1,1
/home/set/projects/Solver_new_26/data/raw/chess_pieces/train/white_king/white_king_2_A2.png,1,king,1,1
/home/set/projects/Solver_new_26/data/raw/chess_pieces/train/white_king/white_king_2_A3.png,1,king,1,1
/home/set/projects/Solver_new_26/data/raw/chess_pieces/train/white_king/white_king_2_A4.png,1,king,1,1
/home/set/projects/Solver_new_26/data/raw/chess_pieces/train/white_king/white_king_2_A5.png,1,king,1,1
/home/set/projects/Solver_new_26/data/raw/chess_pieces/train/white_king/white_king_2_A6.png,1,king,1,1
/home/set/projects/Solver_new_26/data/raw/chess_pieces/train/white_king/white_king_2_A7.png,1,king,1,1
/home/set/projects/Solver_new_26/data/raw/chess_pieces/train/white_king/white_king_2_A8.png,1,king,1,1
/home/set/projects/Solver_new_26/data/raw/chess_pieces/train/white_king/white_king_2_B1.png,1,king,1,1
/home/set/projects/Solver_new_26/data/raw/chess_pieces/train/white_king/white_king_2_B2.png,1,king,1,1
/home/set/projects/Solver_new_26/data/raw/chess_pieces/train/white_king/white_king_2_B3.png,1,king,1,1
/home/set/projects/Solver_new_26/data/raw/chess_pieces/train/white_king/white_king_2_B4.png,1,king,1,1
/home/set/projects/Solver_new_26/data/raw/chess_pieces/train/white_king/white_king_2_B5.png,1,king,1,1
/home/set/projects/Solver_new_26/data/raw/chess_pieces/train/white_king/white_king_2_B6.png,1,king,1,1
/home/set/projects/Solver_new_26/data/raw/chess_pieces/train/white_king/white_king_2_B7.png,1,king,1,1
/home/set/projects/Solver_new_26/data/raw/chess_pieces/train/white_king/white_king_2_B8.png,1,king,1,1
/home/set/projects/Solver_new_26/data/raw/chess_pieces/train/white_king/white_king_2_C1.png,1,king,1,1
/home/set/projects/Solver_new_26/data/raw/chess_pieces/train/white_king/white_king_2_C2.png,1,king,1,1
/home/set/projects/Solver_new_26/data/raw/chess_pieces/train/white_king/white_king_2_C3.png,1,king,1,1
/home/set/projects/Solver_new_26/data/raw/chess_pieces/train/white_king/white_king_2_C4.png,1,king,1,1
/home/set/projects/Solver_new_26/data/raw/chess_pieces/train/white_king/white_king_2_C5.png,1,king,1,1
/home/set/projects/Solver_new_26/data/raw/chess_pieces/train/white_king/white_king_2_C6.png,1,king,1,1
/home/set/projects/Solver_new_26/data/raw/chess_pieces/train/white_king/white_king_2_C7.png,1,king,1,1
/home/set/projects/Solver_new_26/data/raw/chess_pieces/train/white_king/white_king_2_C8.png,1,king,1,1
/home/set/projects/Solver_new_26/data/raw/chess_pieces/train/white_king/white_king_2_D1.png,1,king,1,1
/home/set/projects/Solver_new_26/data/raw/chess_pieces/train/white_king/white_king_2_D2.png,1,king,1,1
/home/set/projects/Solver_new_26/data/raw/chess_pieces/train/white_king/white_king_2_D3.png,1,king,1,1
/home/set/projects/Solver_new_26/data/raw/chess_pieces/train/white_king/white_king_2_D4.png,1,king,1,1
/home/set/projects/Solver_new_26/data/raw/chess_pieces/train/white_king/white_king_2_D5.png,1,king,1,1
/home/set/projects/Solver_new_26/data/raw/chess_pieces/train/white_king/white_king_2_D6.png,1,king,1,1
/home/set/projects/Solver_new_26/data/raw/chess_pieces/train/white_king/white_king_2_D7.png,1,king,1,1
/home/set/projects/Solver_new_26/data/raw/chess_pieces/train/white_king/white_king_2_D8.png,1,king,1,1
/home/set/projects/Solver_new_26/data/raw/chess_pieces/train/white_king/white_king_2_E1.png,1,king,1,1
/home/set/projects/Solver_new_26/data/raw/chess_pieces/train/white_king/white_king_2_E2.png,1,king,1,1
/home/set/projects/Solver_new_26/data/raw/chess_pieces/train/white_king/white_king_2_E3.png,1,king,1,1
/home/set/projects/Solver_new_26/data/raw/chess_pieces/train/white_king/white_king_2_E4.png,1,king,1,1
/home/set/projects/Solver_new_26/data/raw/chess_pieces/train/white_king/white_king_2_E5.png,1,king,1,1
/home/set/projects/Solver_new_26/data/raw/chess_pieces/train/white_king/white_king_2_E6.png,1,king,1,1
/home/set/projects/Solver_new_26/data/raw/chess_pieces/train/white_king/white_king_2_E7.png,1,king,1,1
/home/set/projects/Solver_new_26/data/raw/chess_pieces/train/white_king/white_king_2_E8.png,1,king,1,1
/home/set/projects/Solver_new_26/data/raw/chess_pieces/train/white_king/white_king_2_F1.png,1,king,1,1
/home/set/projects/Solver_new_26/data/raw/chess_pieces/train/white_king/white_king_2_F2.png,1,king,1,1
/home/set/projects/Solver_new_26/data/raw/chess_pieces/train/white_king/white_king_2_F3.png,1,king,1,1
/home/set/projects/Solver_new_26/data/raw/chess_pieces/train/white_king/white_king_2_F4.png,1,king,1,1
/home/set/projects/Solver_new_26/data/raw/chess_pieces/train/white_king/white_king_2_F5.png,1,king,1,1
/home/set/projects/Solver_new_26/data/raw/chess_pieces/train/white_king/white_king_2_F6.png,1,king,1,1
/home/set/projects/Solver_new_26/data/raw/chess_pieces/train/white_king/white_king_2_F7.png,1,king,1,1
/home/set/projects/Solver_new_26/data/raw/chess_pieces/train/white_king/white_king_2_F8.png,1,king,1,1
/home/set/projects/Solver_new_26/data/raw/chess_pieces/train/white_king/white_king_2_G1.png,1,king,1,1
/home/set/projects/Solver_new_26/data/raw/chess_pieces/train/white_king/white_king_2_G2.png,1,king,1,1
/home/set/projects/Solver_new_26/data/raw/chess_pieces/train/white_king/white_king_2_G3.png,1,king,1,1
/home/set/projects/Solver_new_26/data/raw/chess_pieces/train/white_king/white_king_2_G4.png,1,king,1,1
/home/set/projects/Solver_new_26/data/raw/chess_pieces/train/white_king/white_king_2_G5.png,1,king,1,1
/home/set/projects/Solver_new_26/data/raw/chess_pieces/train/white_king/white_king_2_G6.png,1,king,1,1
/home/set/projects/Solver_new_26/data/raw/chess_pieces/train/white_king/white_king_2_G7.png,1,king,1,1
/home/set/projects/Solver_new_26/data/raw/chess_pieces/train/white_king/white_king_2_G8.png,1,king,1,1
/home/set/projects/Solver_new_26/data/raw/chess_pieces/train/white_king/white_king_2_H1.png,1,king,1,1
/home/set/projects/Solver_new_26/data/raw/chess_pieces/train/white_king/white_king_2_H2.png,1,king,1,1
/home/set/projects/Solver_new_26/data/raw/chess_pieces/train/white_king/white_king_2_H3.png,1,king,1,1
/home/set/projects/Solver_new_26/data/raw/chess_pieces/train/white_king/white_king_2_H4.png,1,king,1,1
/home/set/projects/Solver_new_26/data/raw/chess_pieces/train/white_king/white_king_2_H5.png,1,king,1,1
/home/set/projects/Solver_new_26/data/raw/chess_pieces/train/white_king/white_king_2_H6.png,1,king,1,1
/home/set/projects/Solver_new_26/data/raw/chess_pieces/train/white_king/white_king_2_H7.png,1,king,1,1
/home/set/projects/Solver_new_26/data/raw/chess_pieces/train/white_king/white_king_2_H8.png,1,king,1,1
/home/set/projects/Solver_new_26/data/raw/chess_pieces/train/white_king/white_king_3_A1.png,1,king,1,1
/home/set/projects/Solver_new_26/data/raw/chess_pieces/train/white_king/white_king_3_A2.png,1,king,1,1
/home/set/projects/Solver_new_26/data/raw/chess_pieces/train/white_king/white_king_3_A3.png,1,king,1,1
/home/set/projects/Solver_new_26/data/raw/chess_pieces/train/white_king/white_king_3_A4.png,1,king,1,1
/home/set/projects/Solver_new_26/data/raw/chess_pieces/train/white_king/white_king_3_A5.png,1,king,1,1
/home/set/projects/Solver_new_26/data/raw/chess_pieces/train/white_king/white_king_3_A6.png,1,king,1,1
/home/set/projects/Solver_new_26/data/raw/chess_pieces/train/white_king/white_king_3_A7.png,1,king,1,1
/home/set/projects/Solver_new_26/data/raw/chess_pieces/train/white_king/white_king_3_A8.png,1,king,1,1
/home/set/projects/Solver_new_26/data/raw/chess_pieces/train/white_king/white_king_3_B1.png,1,king,1,1
/home/set/projects/Solver_new_26/data/raw/chess_pieces/train/white_king/white_king_3_B2.png,1,king,1,1
/home/set/projects/Solver_new_26/data/raw/chess_pieces/train/white_king/white_king_3_B3.png,1,king,1,1
/home/set/projects/Solver_new_26/data/raw/chess_pieces/train/white_king/white_king_3_B4.png,1,king,1,1
/home/set/projects/Solver_new_26/data/raw/chess_pieces/train/white_king/white_king_3_B5.png,1,king,1,1
/home/set/projects/Solver_new_26/data/raw/chess_pieces/train/white_king/white_king_3_B6.png,1,king,1,1
/home/set/projects/Solver_new_26/data/raw/chess_pieces/train/white_king/white_king_3_B7.png,1,king,1,1
/home/set/projects/Solver_new_26/data/raw/chess_pieces/train/white_king/white_king_3_B8.png,1,king,1,1
/home/set/projects/Solver_new_26/data/raw/chess_pieces/train/white_king/white_king_3_C1.png,1,king,1,1
/home/set/projects/Solver_new_26/data/raw/chess_pieces/train/white_king/white_king_3_C2.png,1,king,1,1
/home/set/projects/Solver_new_26/data/raw/chess_pieces/train/white_king/white_king_3_C3.png,1,king,1,1
/home/set/projects/Solver_new_26/data/raw/chess_pieces/train/white_king/white_king_3_C4.png,1,king,1,1
/home/set/projects/Solver_new_26/data/raw/chess_pieces/train/white_king/white_king_3_C5.png,1,king,1,1
/home/set/projects/Solver_new_26/data/raw/chess_pieces/train/white_king/white_king_3_C6.png,1,king,1,1
/home/set/projects/Solver_new_26/data/raw/chess_pieces/train/white_king/white_king_3_C7.png,1,king,1,1
/home/set/projects/Solver_new_26/data/raw/chess_pieces/train/white_king/white_king_3_C8.png,1,king,1,1
/home/set/projects/Solver_new_26/data/raw/chess_pieces/train/white_king/white_king_3_D1.png,1,king,1,1
/home/set/projects/Solver_new_26/data/raw/chess_pieces/train/white_king/white_king_3_D2.png,1,king,1,1
/home/set/projects/Solver_new_26/data/raw/chess_pieces/train/white_king/white_king_3_D3.png,1,king,1,1
/home/set/projects/Solver_new_26/data/raw/chess_pieces/train/white_king/white_king_3_D4.png,1,king,1,1
/home/set/projects/Solver_new_26/data/raw/chess_pieces/train/white_king/white_king_3_D5.png,1,king,1,1
/home/set/projects/Solver_new_26/data/raw/chess_pieces/train/white_king/white_king_3_D6.png,1,king,1,1
/home/set/projects/Solver_new_26/data/raw/chess_pieces/train/white_king/white_king_3_D7.png,1,king,1,1
/home/set/projects/Solver_new_26/data/raw/chess_pieces/train/white_king/white_king_3_D8.png,1,king,1,1
/home/set/projects/Solver_new_26/data/raw/chess_pieces/train/white_king/white_king_3_E1.png,1,king,1,1
/home/set/projects/Solver_new_26/data/raw/chess_pieces/train/white_king/white_king_3_E2.png,1,king,1,1
/home/set/projects/Solver_new_26/data/raw/chess_pieces/train/white_king/white_king_3_E3.png,1,king,1,1
/home/set/projects/Solver_new_26/data/raw/chess_pieces/train/white_king/white_king_3_E4.png,1,king,1,1
/home/set/projects/Solver_new_26/data/raw/chess_pieces/train/white_king/white_king_3_E5.png,1,king,1,1
/home/set/projects/Solver_new_26/data/raw/chess_pieces/train/white_king/white_king_3_E6.png,1,king,1,1
/home/set/projects/Solver_new_26/data/raw/chess_pieces/train/white_king/white_king_3_E7.png,1,king,1,1
/home/set/projects/Solver_new_26/data/raw/chess_pieces/train/white_king/white_king_3_E8.png,1,king,1,1
/home/set/projects/Solver_new_26/data/raw/chess_pieces/train/white_king/white_king_3_F1.png,1,king,1,1
/home/set/projects/Solver_new_26/data/raw/chess_pieces/train/white_king/white_king_3_F2.png,1,king,1,1
/home/set/projects/Solver_new_26/data/raw/chess_pieces/train/white_king/white_king_3_F3.png,1,king,1,1
/home/set/projects/Solver_new_26/data/raw/chess_pieces/train/white_king/white_king_3_F4.png,1,king,1,1
/home/set/projects/Solver_new_26/data/raw/chess_pieces/train/white_king/white_king_3_F5.png,1,king,1,1
/home/set/projects/Solver_new_26/data/raw/chess_pieces/train/white_king/white_king_3_F6.png,1,king,1,1
/home/set/projects/Solver_new_26/data/raw/chess_pieces/train/white_king/white_king_3_F7.png,1,king,1,1
/home/set/projects/Solver_new_26/data/raw/chess_pieces/train/white_king/white_king_3_F8.png,1,king,1,1
/home/set/projects/Solver_new_26/data/raw/chess_pieces/train/white_king/white_king_3_G1.png,1,king,1,1
/home/set/projects/Solver_new_26/data/raw/chess_pieces/train/white_king/white_king_3_G2.png,1,king,1,1
/home/set/projects/Solver_new_26/data/raw/chess_pieces/train/white_king/white_king_3_G3.png,1,king,1,1
/home/set/projects/Solver_new_26/data/raw/chess_pieces/train/white_king/white_king_3_G4.png,1,king,1,1
/home/set/projects/Solver_new_26/data/raw/chess_pieces/train/white_king/white_king_3_G5.png,1,king,1,1
/home/set/projects/Solver_new_26/data/raw/chess_pieces/train/white_king/white_king_3_G6.png,1,king,1,1
/home/set/projects/Solver_new_26/data/raw/chess_pieces/train/white_king/white_king_3_G7.png,1,king,1,1
/home/set/projects/Solver_new_26/data/raw/chess_pieces/train/white_king/white_king_3_G8.png,1,king,1,1
/home/set/projects/Solver_new_26/data/raw/chess_pieces/train/white_king/white_king_3_H1.png,1,king,1,1
/home/set/projects/Solver_new_26/data/raw/chess_pieces/train/white_king/white_king_3_H2.png,1,king,1,1
/home/set/projects/Solver_new_26/data/raw/chess_pieces/train/white_king/white_king_3_H3.png,1,king,1,1
/home/set/projects/Solver_new_26/data/raw/chess_pieces/train/white_king/white_king_3_H4.png,1,king,1,1
/home/set/projects/Solver_new_26/data/raw/chess_pieces/train/white_king/white_king_3_H5.png,1,king,1,1
/home/set/projects/Solver_new_26/data/raw/chess_pieces/train/white_king/white_king_3_H6.png,1,king,1,1
/home/set/projects/Solver_new_26/data/raw/chess_pieces/train/white_king/white_king_3_H7.png,1,king,1,1
/home/set/projects/Solver_new_26/data/raw/chess_pieces/train/white_king/white_king_3_H8.png,1,king,1,1
/home/set/projects/Solver_new_26/data/raw/chess_pieces/train/white_knight/white_knight_1_A1.png,1,knight,1,1
/home/set/projects/Solver_new_26/data/raw/chess_pieces/train/white_knight/white_knight_1_A2.png,1,knight,1,1
/home/set/projects/Solver_new_26/data/raw/chess_pieces/train/white_knight/white_knight_1_A3.png,1,knight,1,1
/home/set/projects/Solver_new_26/data/raw/chess_pieces/train/white_knight/white_knight_1_A4.png,1,knight,1,1
/home/set/projects/Solver_new_26/data/raw/chess_pieces/train/white_knight/white_knight_1_A5.png,1,knight,1,1
/home/set/projects/Solver_new_26/data/raw/chess_pieces/train/white_knight/white_knight_1_A6.png,1,knight,1,1
/home/set/projects/Solver_new_26/data/raw/chess_pieces/train/white_knight/white_knight_1_A7.png,1,knight,1,1
/home/set/projects/Solver_new_26/data/raw/chess_pieces/train/white_knight/white_knight_1_A8.png,1,knight,1,1
/home/set/projects/Solver_new_26/data/raw/chess_pieces/train/white_knight/white_knight_1_B1.png,1,knight,1,1
/home/set/projects/Solver_new_26/data/raw/chess_pieces/train/white_knight/white_knight_1_B2.png,1,knight,1,1
/home/set/projects/Solver_new_26/data/raw/chess_pieces/train/white_knight/white_knight_1_B3.png,1,knight,1,1
/home/set/projects/Solver_new_26/data/raw/chess_pieces/train/white_knight/white_knight_1_B4.png,1,knight,1,1
/home/set/projects/Solver_new_26/data/raw/chess_pieces/train/white_knight/white_knight_1_B5.png,1,knight,1,1
/home/set/projects/Solver_new_26/data/raw/chess_pieces/train/white_knight/white_knight_1_B6.png,1,knight,1,1
/home/set/projects/Solver_new_26/data/raw/chess_pieces/train/white_knight/white_knight_1_B7.png,1,knight,1,1
/home/set/projects/Solver_new_26/data/raw/chess_pieces/train/white_knight/white_knight_1_B8.png,1,knight,1,1
/home/set/projects/Solver_new_26/data/raw/chess_pieces/train/white_knight/white_knight_1_C1.png,1,knight,1,1
/home/set/projects/Solver_new_26/data/raw/chess_pieces/train/white_knight/white_knight_1_C2.png,1,knight,1,1
/home/set/projects/Solver_new_26/data/raw/chess_pieces/train/white_knight/white_knight_1_C3.png,1,knight,1,1
/home/set/projects/Solver_new_26/data/raw/chess_pieces/train/white_knight/white_knight_1_C4.png,1,knight,1,1
/home/set/projects/Solver_new_26/data/raw/chess_pieces/train/white_knight/white_knight_1_C5.png,1,knight,1,1
/home/set/projects/Solver_new_26/data/raw/chess_pieces/train/white_knight/white_knight_1_C6.png,1,knight,1,1
/home/set/projects/Solver_new_26/data/raw/chess_pieces/train/white_knight/white_knight_1_C7.png,1,knight,1,1
/home/set/projects/Solver_new_26/data/raw/chess_pieces/train/white_knight/white_knight_1_C8.png,1,knight,1,1
/home/set/projects/Solver_new_26/data/raw/chess_pieces/train/white_knight/white_knight_1_D1.png,1,knight,1,1
/home/set/projects/Solver_new_26/data/raw/chess_pieces/train/white_knight/white_knight_1_D2.png,1,knight,1,1
/home/set/projects/Solver_new_26/data/raw/chess_pieces/train/white_knight/white_knight_1_D3.png,1,knight,1,1
/home/set/projects/Solver_new_26/data/raw/chess_pieces/train/white_knight/white_knight_1_D4.png,1,knight,1,1
/home/set/projects/Solver_new_26/data/raw/chess_pieces/train/white_knight/white_knight_1_D5.png,1,knight,1,1
/home/set/projects/Solver_new_26/data/raw/chess_pieces/train/white_knight/white_knight_1_D6.png,1,knight,1,1
/home/set/projects/Solver_new_26/data/raw/chess_pieces/train/white_knight/white_knight_1_D7.png,1,knight,1,1
/home/set/projects/Solver_new_26/data/raw/chess_pieces/train/white_knight/white_knight_1_D8.png,1,knight,1,1
/home/set/projects/Solver_new_26/data/raw/chess_pieces/train/white_knight/white_knight_1_E1.png,1,knight,1,1
/home/set/projects/Solver_new_26/data/raw/chess_pieces/train/white_knight/white_knight_1_E2.png,1,knight,1,1
/home/set/projects/Solver_new_26/data/raw/chess_pieces/train/white_knight/white_knight_1_E3.png,1,knight,1,1
/home/set/projects/Solver_new_26/data/raw/chess_pieces/train/white_knight/white_knight_1_E4.png,1,knight,1,1
/home/set/projects/Solver_new_26/data/raw/chess_pieces/train/white_knight/white_knight_1_E5.png,1,knight,1,1
/home/set/projects/Solver_new_26/data/raw/chess_pieces/train/white_knight/white_knight_1_E6.png,1,knight,1,1
/home/set/projects/Solver_new_26/data/raw/chess_pieces/train/white_knight/white_knight_1_E7.png,1,knight,1,1
/home/set/projects/Solver_new_26/data/raw/chess_pieces/train/white_knight/white_knight_1_E8.png,1,knight,1,1
/home/set/projects/Solver_new_26/data/raw/chess_pieces/train/white_knight/white_knight_1_F1.png,1,knight,1,1
/home/set/projects/Solver_new_26/data/raw/chess_pieces/train/white_knight/white_knight_1_F2.png,1,knight,1,1
/home/set/projects/Solver_new_26/data/raw/chess_pieces/train/white_knight/white_knight_1_F3.png,1,knight,1,1
/home/set/projects/Solver_new_26/data/raw/chess_pieces/train/white_knight/white_knight_1_F4.png,1,knight,1,1
/home/set/projects/Solver_new_26/data/raw/chess_pieces/train/white_knight/white_knight_1_F5.png,1,knight,1,1
/home/set/projects/Solver_new_26/data/raw/chess_pieces/train/white_knight/white_knight_1_F6.png,1,knight,1,1
/home/set/projects/Solver_new_26/data/raw/chess_pieces/train/white_knight/white_knight_1_F7.png,1,knight,1,1
/home/set/projects/Solver_new_26/data/raw/chess_pieces/train/white_knight/white_knight_1_F8.png,1,knight,1,1
/home/set/projects/Solver_new_26/data/raw/chess_pieces/train/white_knight/white_knight_1_G1.png,1,knight,1,1
/home/set/projects/Solver_new_26/data/raw/chess_pieces/train/white_knight/white_knight_1_G2.png,1,knight,1,1
/home/set/projects/Solver_new_26/data/raw/chess_pieces/train/white_knight/white_knight_1_G3.png,1,knight,1,1
/home/set/projects/Solver_new_26/data/raw/chess_pieces/train/white_knight/white_knight_1_G4.png,1,knight,1,1
/home/set/projects/Solver_new_26/data/raw/chess_pieces/train/white_knight/white_knight_1_G5.png,1,knight,1,1
/home/set/projects/Solver_new_26/data/raw/chess_pieces/train/white_knight/white_knight_1_G6.png,1,knight,1,1
/home/set/projects/Solver_new_26/data/raw/chess_pieces/train/white_knight/white_knight_1_G7.png,1,knight,1,1
/home/set/projects/Solver_new_26/data/raw/chess_pieces/train/white_knight/white_knight_1_G8.png,1,knight,1,1
/home/set/projects/Solver_new_26/data/raw/chess_pieces/train/white_knight/white_knight_1_H1.png,1,knight,1,1
/home/set/projects/Solver_new_26/data/raw/chess_pieces/train/white_knight/white_knight_1_H2.png,1,knight,1,1
/home/set/projects/Solver_new_26/data/raw/chess_pieces/train/white_knight/white_knight_1_H3.png,1,knight,1,1
/home/set/projects/Solver_new_26/data/raw/chess_pieces/train/white_knight/white_knight_1_H4.png,1,knight,1,1
/home/set/projects/Solver_new_26/data/raw/chess_pieces/train/white_knight/white_knight_1_H5.png,1,knight,1,1
/home/set/projects/Solver_new_26/data/raw/chess_pieces/train/white_knight/white_knight_1_H6.png,1,knight,1,1
/home/set/projects/Solver_new_26/data/raw/chess_pieces/train/white_knight/white_knight_1_H7.png,1,knight,1,1
/home/set/projects/Solver_new_26/data/raw/chess_pieces/train/white_knight/white_knight_1_H8.png,1,knight,1,1
/home/set/projects/Solver_new_26/data/raw/chess_pieces/train/white_knight/white_knight_2_A1.png,1,knight,1,1
/home/set/projects/Solver_new_26/data/raw/chess_pieces/train/white_knight/white_knight_2_A2.png,1,knight,1,1
/home/set/projects/Solver_new_26/data/raw/chess_pieces/train/white_knight/white_knight_2_A3.png,1,knight,1,1
/home/set/projects/Solver_new_26/data/raw/chess_pieces/train/white_knight/white_knight_2_A4.png,1,knight,1,1
/home/set/projects/Solver_new_26/data/raw/chess_pieces/train/white_knight/white_knight_2_A5.png,1,knight,1,1
/home/set/projects/Solver_new_26/data/raw/chess_pieces/train/white_knight/white_knight_2_A6.png,1,knight,1,1
/home/set/projects/Solver_new_26/data/raw/chess_pieces/train/white_knight/white_knight_2_A7.png,1,knight,1,1
/home/set/projects/Solver_new_26/data/raw/chess_pieces/train/white_knight/white_knight_2_A8.png,1,knight,1,1
/home/set/projects/Solver_new_26/data/raw/chess_pieces/train/white_knight/white_knight_2_B1.png,1,knight,1,1
/home/set/projects/Solver_new_26/data/raw/chess_pieces/train/white_knight/white_knight_2_B2.png,1,knight,1,1
/home/set/projects/Solver_new_26/data/raw/chess_pieces/train/white_knight/white_knight_2_B3.png,1,knight,1,1
/home/set/projects/Solver_new_26/data/raw/chess_pieces/train/white_knight/white_knight_2_B4.png,1,knight,1,1
/home/set/projects/Solver_new_26/data/raw/chess_pieces/train/white_knight/white_knight_2_B5.png,1,knight,1,1
/home/set/projects/Solver_new_26/data/raw/chess_pieces/train/white_knight/white_knight_2_B6.png,1,knight,1,1
/home/set/projects/Solver_new_26/data/raw/chess_pieces/train/white_knight/white_knight_2_B7.png,1,knight,1,1
/home/set/projects/Solver_new_26/data/raw/chess_pieces/train/white_knight/white_knight_2_B8.png,1,knight,1,1
/home/set/projects/Solver_new_26/data/raw/chess_pieces/train/white_knight/white_knight_2_C1.png,1,knight,1,1
/home/set/projects/Solver_new_26/data/raw/chess_pieces/train/white_knight/white_knight_2_C2.png,1,knight,1,1
/home/set/projects/Solver_new_26/data/raw/chess_pieces/train/white_knight/white_knight_2_C3.png,1,knight,1,1
/home/set/projects/Solver_new_26/data/raw/chess_pieces/train/white_knight/white_knight_2_C4.png,1,knight,1,1
/home/set/projects/Solver_new_26/data/raw/chess_pieces/train/white_knight/white_knight_2_C5.png,1,knight,1,1
/home/set/projects/Solver_new_26/data/raw/chess_pieces/train/white_knight/white_knight_2_C6.png,1,knight,1,1
/home/set/projects/Solver_new_26/data/raw/chess_pieces/train/white_knight/white_knight_2_C7.png,1,knight,1,1
/home/set/projects/Solver_new_26/data/raw/chess_pieces/train/white_knight/white_knight_2_C8.png,1,knight,1,1
/home/set/projects/Solver_new_26/data/raw/chess_pieces/train/white_knight/white_knight_2_D1.png,1,knight,1,1
/home/set/projects/Solver_new_26/data/raw/chess_pieces/train/white_knight/white_knight_2_D2.png,1,knight,1,1
/home/set/projects/Solver_new_26/data/raw/chess_pieces/train/white_knight/white_knight_2_D3.png,1,knight,1,1
/home/set/projects/Solver_new_26/data/raw/chess_pieces/train/white_knight/white_knight_2_D4.png,1,knight,1,1
/home/set/projects/Solver_new_26/data/raw/chess_pieces/train/white_knight/white_knight_2_D5.png,1,knight,1,1
/home/set/projects/Solver_new_26/data/raw/chess_pieces/train/white_knight/white_knight_2_D6.png,1,knight,1,1
/home/set/projects/Solver_new_26/data/raw/chess_pieces/train/white_knight/white_knight_2_D7.png,1,knight,1,1
/home/set/projects/Solver_new_26/data/raw/chess_pieces/train/white_knight/white_knight_2_D8.png,1,knight,1,1
/home/set/projects/Solver_new_26/data/raw/chess_pieces/train/white_knight/white_knight_2_E1.png,1,knight,1,1
/home/set/projects/Solver_new_26/data/raw/chess_pieces/train/white_knight/white_knight_2_E2.png,1,knight,1,1
/home/set/projects/Solver_new_26/data/raw/chess_pieces/train/white_knight/white_knight_2_E3.png,1,knight,1,1
/home/set/projects/Solver_new_26/data/raw/chess_pieces/train/white_knight/white_knight_2_E4.png,1,knight,1,1
/home/set/projects/Solver_new_26/data/raw/chess_pieces/train/white_knight/white_knight_2_E5.png,1,knight,1,1
/home/set/projects/Solver_new_26/data/raw/chess_pieces/train/white_knight/white_knight_2_E6.png,1,knight,1,1
/home/set/projects/Solver_new_26/data/raw/chess_pieces/train/white_knight/white_knight_2_E7.png,1,knight,1,1
/home/set/projects/Solver_new_26/data/raw/chess_pieces/train/white_knight/white_knight_2_E8.png,1,knight,1,1
/home/set/projects/Solver_new_26/data/raw/chess_pieces/train/white_knight/white_knight_2_F1.png,1,knight,1,1
/home/set/projects/Solver_new_26/data/raw/chess_pieces/train/white_knight/white_knight_2_F2.png,1,knight,1,1
/home/set/projects/Solver_new_26/data/raw/chess_pieces/train/white_knight/white_knight_2_F3.png,1,knight,1,1
/home/set/projects/Solver_new_26/data/raw/chess_pieces/train/white_knight/white_knight_2_F4.png,1,knight,1,1
/home/set/projects/Solver_new_26/data/raw/chess_pieces/train/white_knight/white_knight_2_F5.png,1,knight,1,1
/home/set/projects/Solver_new_26/data/raw/chess_pieces/train/white_knight/white_knight_2_F6.png,1,knight,1,1
/home/set/projects/Solver_new_26/data/raw/chess_pieces/train/white_knight/white_knight_2_F7.png,1,knight,1,1
/home/set/projects/Solver_new_26/data/raw/chess_pieces/train/white_knight/white_knight_2_F8.png,1,knight,1,1
/home/set/projects/Solver_new_26/data/raw/chess_pieces/train/white_knight/white_knight_2_G1.png,1,knight,1,1
/home/set/projects/Solver_new_26/data/raw/chess_pieces/train/white_knight/white_knight_2_G2.png,1,knight,1,1
/home/set/projects/Solver_new_26/data/raw/chess_pieces/train/white_knight/white_knight_2_G3.png,1,knight,1,1
/home/set/projects/Solver_new_26/data/raw/chess_pieces/train/white_knight/white_knight_2_G4.png,1,knight,1,1
/home/set/projects/Solver_new_26/data/raw/chess_pieces/train/white_knight/white_knight_2_G5.png,1,knight,1,1
/home/set/projects/Solver_new_26/data/raw/chess_pieces/train/white_knight/white_knight_2_G6.png,1,knight,1,1
/home/set/projects/Solver_new_26/data/raw/chess_pieces/train/white_knight/white_knight_2_G7.png,1,knight,1,1
/home/set/projects/Solver_new_26/data/raw/chess_pieces/train/white_knight/white_knight_2_G8.png,1,knight,1,1
/home/set/projects/Solver_new_26/data/raw/chess_pieces/train/white_knight/white_knight_2_H1.png,1,knight,1,1
/home/set/projects/Solver_new_26/data/raw/chess_pieces/train/white_knight/white_knight_2_H2.png,1,knight,1,1
/home/set/projects/Solver_new_26/data/raw/chess_pieces/train/white_knight/white_knight_2_H3.png,1,knight,1,1
/home/set/projects/Solver_new_26/data/raw/chess_pieces/train/white_knight/white_knight_2_H4.png,1,knight,1,1
/home/set/projects/Solver_new_26/data/raw/chess_pieces/train/white_knight/white_knight_2_H5.png,1,knight,1,1
/home/set/projects/Solver_new_26/data/raw/chess_pieces/train/white_knight/white_knight_2_H6.png,1,knight,1,1
/home/set/projects/Solver_new_26/data/raw/chess_pieces/train/white_knight/white_knight_2_H7.png,1,knight,1,1
/home/set/projects/Solver_new_26/data/raw/chess_pieces/train/white_knight/white_knight_2_H8.png,1,knight,1,1
/home/set/projects/Solver_new_26/data/raw/chess_pieces/train/white_knight/white_knight_3_A1.png,1,knight,1,1
/home/set/projects/Solver_new_26/data/raw/chess_pieces/train/white_knight/white_knight_3_A2.png,1,knight,1,1
/home/set/projects/Solver_new_26/data/raw/chess_pieces/train/white_knight/white_knight_3_A3.png,1,knight,1,1
/home/set/projects/Solver_new_26/data/raw/chess_pieces/train/white_knight/white_knight_3_A4.png,1,knight,1,1
/home/set/projects/Solver_new_26/data/raw/chess_pieces/train/white_knight/white_knight_3_A5.png,1,knight,1,1
/home/set/projects/Solver_new_26/data/raw/chess_pieces/train/white_knight/white_knight_3_A6.png,1,knight,1,1
/home/set/projects/Solver_new_26/data/raw/chess_pieces/train/white_knight/white_knight_3_A7.png,1,knight,1,1
/home/set/projects/Solver_new_26/data/raw/chess_pieces/train/white_knight/white_knight_3_A8.png,1,knight,1,1
/home/set/projects/Solver_new_26/data/raw/chess_pieces/train/white_knight/white_knight_3_B1.png,1,knight,1,1
/home/set/projects/Solver_new_26/data/raw/chess_pieces/train/white_knight/white_knight_3_B2.png,1,knight,1,1
/home/set/projects/Solver_new_26/data/raw/chess_pieces/train/white_knight/white_knight_3_B3.png,1,knight,1,1
/home/set/projects/Solver_new_26/data/raw/chess_pieces/train/white_knight/white_knight_3_B4.png,1,knight,1,1
/home/set/projects/Solver_new_26/data/raw/chess_pieces/train/white_knight/white_knight_3_B5.png,1,knight,1,1
/home/set/projects/Solver_new_26/data/raw/chess_pieces/train/white_knight/white_knight_3_B6.png,1,knight,1,1
/home/set/projects/Solver_new_26/data/raw/chess_pieces/train/white_knight/white_knight_3_B7.png,1,knight,1,1
/home/set/projects/Solver_new_26/data/raw/chess_pieces/train/white_knight/white_knight_3_B8.png,1,knight,1,1
/home/set/projects/Solver_new_26/data/raw/chess_pieces/train/white_knight/white_knight_3_C1.png,1,knight,1,1
/home/set/projects/Solver_new_26/data/raw/chess_pieces/train/white_knight/white_knight_3_C2.png,1,knight,1,1
/home/set/projects/Solver_new_26/data/raw/chess_pieces/train/white_knight/white_knight_3_C3.png,1,knight,1,1
/home/set/projects/Solver_new_26/data/raw/chess_pieces/train/white_knight/white_knight_3_C4.png,1,knight,1,1
/home/set/projects/Solver_new_26/data/raw/chess_pieces/train/white_knight/white_knight_3_C5.png,1,knight,1,1
/home/set/projects/Solver_new_26/data/raw/chess_pieces/train/white_knight/white_knight_3_C6.png,1,knight,1,1
/home/set/projects/Solver_new_26/data/raw/chess_pieces/train/white_knight/white_knight_3_C7.png,1,knight,1,1
/home/set/projects/Solver_new_26/data/raw/chess_pieces/train/white_knight/white_knight_3_C8.png,1,knight,1,1
/home/set/projects/Solver_new_26/data/raw/chess_pieces/train/white_knight/white_knight_3_D1.png,1,knight,1,1
/home/set/projects/Solver_new_26/data/raw/chess_pieces/train/white_knight/white_knight_3_D2.png,1,knight,1,1
/home/set/projects/Solver_new_26/data/raw/chess_pieces/train/white_knight/white_knight_3_D3.png,1,knight,1,1
/home/set/projects/Solver_new_26/data/raw/chess_pieces/train/white_knight/white_knight_3_D4.png,1,knight,1,1
/home/set/projects/Solver_new_26/data/raw/chess_pieces/train/white_knight/white_knight_3_D5.png,1,knight,1,1
/home/set/projects/Solver_new_26/data/raw/chess_pieces/train/white_knight/white_knight_3_D6.png,1,knight,1,1
/home/set/projects/Solver_new_26/data/raw/chess_pieces/train/white_knight/white_knight_3_D7.png,1,knight,1,1
/home/set/projects/Solver_new_26/data/raw/chess_pieces/train/white_knight/white_knight_3_D8.png,1,knight,1,1
/home/set/projects/Solver_new_26/data/raw/chess_pieces/train/white_knight/white_knight_3_E1.png,1,knight,1,1
/home/set/projects/Solver_new_26/data/raw/chess_pieces/train/white_knight/white_knight_3_E2.png,1,knight,1,1
/home/set/projects/Solver_new_26/data/raw/chess_pieces/train/white_knight/white_knight_3_E3.png,1,knight,1,1
/home/set/projects/Solver_new_26/data/raw/chess_pieces/train/white_knight/white_knight_3_E4.png,1,knight,1,1
/home/set/projects/Solver_new_26/data/raw/chess_pieces/train/white_knight/white_knight_3_E5.png,1,knight,1,1
/home/set/projects/Solver_new_26/data/raw/chess_pieces/train/white_knight/white_knight_3_E6.png,1,knight,1,1
/home/set/projects/Solver_new_26/data/raw/chess_pieces/train/white_knight/white_knight_3_E7.png,1,knight,1,1
/home/set/projects/Solver_new_26/data/raw/chess_pieces/train/white_knight/white_knight_3_E8.png,1,knight,1,1
/home/set/projects/Solver_new_26/data/raw/chess_pieces/train/white_knight/white_knight_3_F1.png,1,knight,1,1
/home/set/projects/Solver_new_26/data/raw/chess_pieces/train/white_knight/white_knight_3_F2.png,1,knight,1,1
/home/set/projects/Solver_new_26/data/raw/chess_pieces/train/white_knight/white_knight_3_F3.png,1,knight,1,1
/home/set/projects/Solver_new_26/data/raw/chess_pieces/train/white_knight/white_knight_3_F4.png,1,knight,1,1
/home/set/projects/Solver_new_26/data/raw/chess_pieces/train/white_knight/white_knight_3_F5.png,1,knight,1,1
/home/set/projects/Solver_new_26/data/raw/chess_pieces/train/white_knight/white_knight_3_F6.png,1,knight,1,1
/home/set/projects/Solver_new_26/data/raw/chess_pieces/train/white_knight/white_knight_3_F7.png,1,knight,1,1
/home/set/projects/Solver_new_26/data/raw/chess_pieces/train/white_knight/white_knight_3_F8.png,1,knight,1,1
/home/set/projects/Solver_new_26/data/raw/chess_pieces/train/white_knight/white_knight_3_G1.png,1,knight,1,1
/home/set/projects/Solver_new_26/data/raw/chess_pieces/train/white_knight/white_knight_3_G2.png,1,knight,1,1
/home/set/projects/Solver_new_26/data/raw/chess_pieces/train/white_knight/white_knight_3_G3.png,1,knight,1,1
/home/set/projects/Solver_new_26/data/raw/chess_pieces/train/white_knight/white_knight_3_G4.png,1,knight,1,1
/home/set/projects/Solver_new_26/data/raw/chess_pieces/train/white_knight/white_knight_3_G5.png,1,knight,1,1
/home/set/projects/Solver_new_26/data/raw/chess_pieces/train/white_knight/white_knight_3_G6.png,1,knight,1,1
/home/set/projects/Solver_new_26/data/raw/chess_pieces/train/white_knight/white_knight_3_G7.png,1,knight,1,1
/home/set/projects/Solver_new_26/data/raw/chess_pieces/train/white_knight/white_knight_3_G8.png,1,knight,1,1
/home/set/projects/Solver_new_26/data/raw/chess_pieces/train/white_knight/white_knight_3_H1.png,1,knight,1,1
/home/set/projects/Solver_new_26/data/raw/chess_pieces/train/white_knight/white_knight_3_H2.png,1,knight,1,1
/home/set/projects/Solver_new_26/data/raw/chess_pieces/train/white_knight/white_knight_3_H3.png,1,knight,1,1
/home/set/projects/Solver_new_26/data/raw/chess_pieces/train/white_knight/white_knight_3_H4.png,1,knight,1,1
/home/set/projects/Solver_new_26/data/raw/chess_pieces/train/white_knight/white_knight_3_H5.png,1,knight,1,1
/home/set/projects/Solver_new_26/data/raw/chess_pieces/train/white_knight/white_knight_3_H6.png,1,knight,1,1
/home/set/projects/Solver_new_26/data/raw/chess_pieces/train/white_knight/white_knight_3_H7.png,1,knight,1,1
/home/set/projects/Solver_new_26/data/raw/chess_pieces/train/white_knight/white_knight_3_H8.png,1,knight,1,1
/home/set/projects/Solver_new_26/data/raw/chess_pieces/train/white_pawn/white_pawn_1_A1.png,1,pawn,1,1
/home/set/projects/Solver_new_26/data/raw/chess_pieces/train/white_pawn/white_pawn_1_A2.png,1,pawn,1,1
/home/set/projects/Solver_new_26/data/raw/chess_pieces/train/white_pawn/white_pawn_1_A3.png,1,pawn,1,1
/home/set/projects/Solver_new_26/data/raw/chess_pieces/train/white_pawn/white_pawn_1_A4.png,1,pawn,1,1
/home/set/projects/Solver_new_26/data/raw/chess_pieces/train/white_pawn/white_pawn_1_A5.png,1,pawn,1,1
/home/set/projects/Solver_new_26/data/raw/chess_pieces/train/white_pawn/white_pawn_1_A6.png,1,pawn,1,1
/home/set/projects/Solver_new_26/data/raw/chess_pieces/train/white_pawn/white_pawn_1_A7.png,1,pawn,1,1
/home/set/projects/Solver_new_26/data/raw/chess_pieces/train/white_pawn/white_pawn_1_A8.png,1,pawn,1,1
/home/set/projects/Solver_new_26/data/raw/chess_pieces/train/white_pawn/white_pawn_1_B1.png,1,pawn,1,1
/home/set/projects/Solver_new_26/data/raw/chess_pieces/train/white_pawn/white_pawn_1_B2.png,1,pawn,1,1
/home/set/projects/Solver_new_26/data/raw/chess_pieces/train/white_pawn/white_pawn_1_B3.png,1,pawn,1,1
/home/set/projects/Solver_new_26/data/raw/chess_pieces/train/white_pawn/white_pawn_1_B4.png,1,pawn,1,1
/home/set/projects/Solver_new_26/data/raw/chess_pieces/train/white_pawn/white_pawn_1_B5.png,1,pawn,1,1
/home/set/projects/Solver_new_26/data/raw/chess_pieces/train/white_pawn/white_pawn_1_B6.png,1,pawn,1,1
/home/set/projects/Solver_new_26/data/raw/chess_pieces/train/white_pawn/white_pawn_1_B7.png,1,pawn,1,1
/home/set/projects/Solver_new_26/data/raw/chess_pieces/train/white_pawn/white_pawn_1_B8.png,1,pawn,1,1
/home/set/projects/Solver_new_26/data/raw/chess_pieces/train/white_pawn/white_pawn_1_C1.png,1,pawn,1,1
/home/set/projects/Solver_new_26/data/raw/chess_pieces/train/white_pawn/white_pawn_1_C2.png,1,pawn,1,1
/home/set/projects/Solver_new_26/data/raw/chess_pieces/train/white_pawn/white_pawn_1_C3.png,1,pawn,1,1
/home/set/projects/Solver_new_26/data/raw/chess_pieces/train/white_pawn/white_pawn_1_C4.png,1,pawn,1,1
/home/set/projects/Solver_new_26/data/raw/chess_pieces/train/white_pawn/white_pawn_1_C5.png,1,pawn,1,1
/home/set/projects/Solver_new_26/data/raw/chess_pieces/train/white_pawn/white_pawn_1_C6.png,1,pawn,1,1
/home/set/projects/Solver_new_26/data/raw/chess_pieces/train/white_pawn/white_pawn_1_C7.png,1,pawn,1,1
/home/set/projects/Solver_new_26/data/raw/chess_pieces/train/white_pawn/white_pawn_1_C8.png,1,pawn,1,1
/home/set/projects/Solver_new_26/data/raw/chess_pieces/train/white_pawn/white_pawn_1_D1.png,1,pawn,1,1
/home/set/projects/Solver_new_26/data/raw/chess_pieces/train/white_pawn/white_pawn_1_D2.png,1,pawn,1,1
/home/set/projects/Solver_new_26/data/raw/chess_pieces/train/white_pawn/white_pawn_1_D3.png,1,pawn,1,1
/home/set/projects/Solver_new_26/data/raw/chess_pieces/train/white_pawn/white_pawn_1_D4.png,1,pawn,1,1
/home/set/projects/Solver_new_26/data/raw/chess_pieces/train/white_pawn/white_pawn_1_D5.png,1,pawn,1,1
/home/set/projects/Solver_new_26/data/raw/chess_pieces/train/white_pawn/white_pawn_1_D6.png,1,pawn,1,1
/home/set/projects/Solver_new_26/data/raw/chess_pieces/train/white_pawn/white_pawn_1_D7.png,1,pawn,1,1
/home/set/projects/Solver_new_26/data/raw/chess_pieces/train/white_pawn/white_pawn_1_D8.png,1,pawn,1,1
/home/set/projects/Solver_new_26/data/raw/chess_pieces/train/white_pawn/white_pawn_1_E1.png,1,pawn,1,1
/home/set/projects/Solver_new_26/data/raw/chess_pieces/train/white_pawn/white_pawn_1_E2.png,1,pawn,1,1
/home/set/projects/Solver_new_26/data/raw/chess_pieces/train/white_pawn/white_pawn_1_E3.png,1,pawn,1,1
/home/set/projects/Solver_new_26/data/raw/chess_pieces/train/white_pawn/white_pawn_1_E4.png,1,pawn,1,1
/home/set/projects/Solver_new_26/data/raw/chess_pieces/train/white_pawn/white_pawn_1_E5.png,1,pawn,1,1
/home/set/projects/Solver_new_26/data/raw/chess_pieces/train/white_pawn/white_pawn_1_E6.png,1,pawn,1,1
/home/set/projects/Solver_new_26/data/raw/chess_pieces/train/white_pawn/white_pawn_1_E7.png,1,pawn,1,1
/home/set/projects/Solver_new_26/data/raw/chess_pieces/train/white_pawn/white_pawn_1_E8.png,1,pawn,1,1
/home/set/projects/Solver_new_26/data/raw/chess_pieces/train/white_pawn/white_pawn_1_F1.png,1,pawn,1,1
/home/set/projects/Solver_new_26/data/raw/chess_pieces/train/white_pawn/white_pawn_1_F2.png,1,pawn,1,1
/home/set/projects/Solver_new_26/data/raw/chess_pieces/train/white_pawn/white_pawn_1_F3.png,1,pawn,1,1
/home/set/projects/Solver_new_26/data/raw/chess_pieces/train/white_pawn/white_pawn_1_F4.png,1,pawn,1,1
/home/set/projects/Solver_new_26/data/raw/chess_pieces/train/white_pawn/white_pawn_1_F5.png,1,pawn,1,1
/home/set/projects/Solver_new_26/data/raw/chess_pieces/train/white_pawn/white_pawn_1_F6.png,1,pawn,1,1
/home/set/projects/Solver_new_26/data/raw/chess_pieces/train/white_pawn/white_pawn_1_F7.png,1,pawn,1,1
/home/set/projects/Solver_new_26/data/raw/chess_pieces/train/white_pawn/white_pawn_1_F8.png,1,pawn,1,1
/home/set/projects/Solver_new_26/data/raw/chess_pieces/train/white_pawn/white_pawn_1_G1.png,1,pawn,1,1
/home/set/projects/Solver_new_26/data/raw/chess_pieces/train/white_pawn/white_pawn_1_G2.png,1,pawn,1,1
/home/set/projects/Solver_new_26/data/raw/chess_pieces/train/white_pawn/white_pawn_1_G3.png,1,pawn,1,1
/home/set/projects/Solver_new_26/data/raw/chess_pieces/train/white_pawn/white_pawn_1_G4.png,1,pawn,1,1
/home/set/projects/Solver_new_26/data/raw/chess_pieces/train/white_pawn/white_pawn_1_G5.png,1,pawn,1,1
/home/set/projects/Solver_new_26/data/raw/chess_pieces/train/white_pawn/white_pawn_1_G6.png,1,pawn,1,1
/home/set/projects/Solver_new_26/data/raw/chess_pieces/train/white_pawn/white_pawn_1_G7.png,1,pawn,1,1
/home/set/projects/Solver_new_26/data/raw/chess_pieces/train/white_pawn/white_pawn_1_G8.png,1,pawn,1,1
/home/set/projects/Solver_new_26/data/raw/chess_pieces/train/white_pawn/white_pawn_1_H1.png,1,pawn,1,1
/home/set/projects/Solver_new_26/data/raw/chess_pieces/train/white_pawn/white_pawn_1_H2.png,1,pawn,1,1
/home/set/projects/Solver_new_26/data/raw/chess_pieces/train/white_pawn/white_pawn_1_H3.png,1,pawn,1,1
/home/set/projects/Solver_new_26/data/raw/chess_pieces/train/white_pawn/white_pawn_1_H4.png,1,pawn,1,1
/home/set/projects/Solver_new_26/data/raw/chess_pieces/train/white_pawn/white_pawn_1_H5.png,1,pawn,1,1
/home/set/projects/Solver_new_26/data/raw/chess_pieces/train/white_pawn/white_pawn_1_H6.png,1,pawn,1,1
/home/set/projects/Solver_new_26/data/raw/chess_pieces/train/white_pawn/white_pawn_1_H7.png,1,pawn,1,1
/home/set/projects/Solver_new_26/data/raw/chess_pieces/train/white_pawn/white_pawn_1_H8.png,1,pawn,1,1
/home/set/projects/Solver_new_26/data/raw/chess_pieces/train/white_pawn/white_pawn_2_A1.png,1,pawn,1,1
/home/set/projects/Solver_new_26/data/raw/chess_pieces/train/white_pawn/white_pawn_2_A2.png,1,pawn,1,1
/home/set/projects/Solver_new_26/data/raw/chess_pieces/train/white_pawn/white_pawn_2_A3.png,1,pawn,1,1
/home/set/projects/Solver_new_26/data/raw/chess_pieces/train/white_pawn/white_pawn_2_A4.png,1,pawn,1,1
/home/set/projects/Solver_new_26/data/raw/chess_pieces/train/white_pawn/white_pawn_2_A5.png,1,pawn,1,1
/home/set/projects/Solver_new_26/data/raw/chess_pieces/train/white_pawn/white_pawn_2_A6.png,1,pawn,1,1
/home/set/projects/Solver_new_26/data/raw/chess_pieces/train/white_pawn/white_pawn_2_A7.png,1,pawn,1,1
/home/set/projects/Solver_new_26/data/raw/chess_pieces/train/white_pawn/white_pawn_2_A8.png,1,pawn,1,1
/home/set/projects/Solver_new_26/data/raw/chess_pieces/train/white_pawn/white_pawn_2_B1.png,1,pawn,1,1
/home/set/projects/Solver_new_26/data/raw/chess_pieces/train/white_pawn/white_pawn_2_B2.png,1,pawn,1,1
/home/set/projects/Solver_new_26/data/raw/chess_pieces/train/white_pawn/white_pawn_2_B3.png,1,pawn,1,1
/home/set/projects/Solver_new_26/data/raw/chess_pieces/train/white_pawn/white_pawn_2_B4.png,1,pawn,1,1
/home/set/projects/Solver_new_26/data/raw/chess_pieces/train/white_pawn/white_pawn_2_B5.png,1,pawn,1,1
/home/set/projects/Solver_new_26/data/raw/chess_pieces/train/white_pawn/white_pawn_2_B6.png,1,pawn,1,1
/home/set/projects/Solver_new_26/data/raw/chess_pieces/train/white_pawn/white_pawn_2_B7.png,1,pawn,1,1
/home/set/projects/Solver_new_26/data/raw/chess_pieces/train/white_pawn/white_pawn_2_B8.png,1,pawn,1,1
/home/set/projects/Solver_new_26/data/raw/chess_pieces/train/white_pawn/white_pawn_2_C1.png,1,pawn,1,1
/home/set/projects/Solver_new_26/data/raw/chess_pieces/train/white_pawn/white_pawn_2_C2.png,1,pawn,1,1
/home/set/projects/Solver_new_26/data/raw/chess_pieces/train/white_pawn/white_pawn_2_C3.png,1,pawn,1,1
/home/set/projects/Solver_new_26/data/raw/chess_pieces/train/white_pawn/white_pawn_2_C4.png,1,pawn,1,1
/home/set/projects/Solver_new_26/data/raw/chess_pieces/train/white_pawn/white_pawn_2_C5.png,1,pawn,1,1
/home/set/projects/Solver_new_26/data/raw/chess_pieces/train/white_pawn/white_pawn_2_C6.png,1,pawn,1,1
/home/set/projects/Solver_new_26/data/raw/chess_pieces/train/white_pawn/white_pawn_2_C7.png,1,pawn,1,1
/home/set/projects/Solver_new_26/data/raw/chess_pieces/train/white_pawn/white_pawn_2_C8.png,1,pawn,1,1
/home/set/projects/Solver_new_26/data/raw/chess_pieces/train/white_pawn/white_pawn_2_D1.png,1,pawn,1,1
/home/set/projects/Solver_new_26/data/raw/chess_pieces/train/white_pawn/white_pawn_2_D2.png,1,pawn,1,1
/home/set/projects/Solver_new_26/data/raw/chess_pieces/train/white_pawn/white_pawn_2_D3.png,1,pawn,1,1
/home/set/projects/Solver_new_26/data/raw/chess_pieces/train/white_pawn/white_pawn_2_D4.png,1,pawn,1,1
/home/set/projects/Solver_new_26/data/raw/chess_pieces/train/white_pawn/white_pawn_2_D5.png,1,pawn,1,1
/home/set/projects/Solver_new_26/data/raw/chess_pieces/train/white_pawn/white_pawn_2_D6.png,1,pawn,1,1
/home/set/projects/Solver_new_26/data/raw/chess_pieces/train/white_pawn/white_pawn_2_D7.png,1,pawn,1,1
/home/set/projects/Solver_new_26/data/raw/chess_pieces/train/white_pawn/white_pawn_2_D8.png,1,pawn,1,1
/home/set/projects/Solver_new_26/data/raw/chess_pieces/train/white_pawn/white_pawn_2_E1.png,1,pawn,1,1
/home/set/projects/Solver_new_26/data/raw/chess_pieces/train/white_pawn/white_pawn_2_E2.png,1,pawn,1,1
/home/set/projects/Solver_new_26/data/raw/chess_pieces/train/white_pawn/white_pawn_2_E3.png,1,pawn,1,1
/home/set/projects/Solver_new_26/data/raw/chess_pieces/train/white_pawn/white_pawn_2_E4.png,1,pawn,1,1
/home/set/projects/Solver_new_26/data/raw/chess_pieces/train/white_pawn/white_pawn_2_E5.png,1,pawn,1,1
/home/set/projects/Solver_new_26/data/raw/chess_pieces/train/white_pawn/white_pawn_2_E6.png,1,pawn,1,1
/home/set/projects/Solver_new_26/data/raw/chess_pieces/train/white_pawn/white_pawn_2_E7.png,1,pawn,1,1
/home/set/projects/Solver_new_26/data/raw/chess_pieces/train/white_pawn/white_pawn_2_E8.png,1,pawn,1,1
/home/set/projects/Solver_new_26/data/raw/chess_pieces/train/white_pawn/white_pawn_2_F1.png,1,pawn,1,1
/home/set/projects/Solver_new_26/data/raw/chess_pieces/train/white_pawn/white_pawn_2_F2.png,1,pawn,1,1
/home/set/projects/Solver_new_26/data/raw/chess_pieces/train/white_pawn/white_pawn_2_F3.png,1,pawn,1,1
/home/set/projects/Solver_new_26/data/raw/chess_pieces/train/white_pawn/white_pawn_2_F4.png,1,pawn,1,1
/home/set/projects/Solver_new_26/data/raw/chess_pieces/train/white_pawn/white_pawn_2_F5.png,1,pawn,1,1
/home/set/projects/Solver_new_26/data/raw/chess_pieces/train/white_pawn/white_pawn_2_F6.png,1,pawn,1,1
/home/set/projects/Solver_new_26/data/raw/chess_pieces/train/white_pawn/white_pawn_2_F7.png,1,pawn,1,1
/home/set/projects/Solver_new_26/data/raw/chess_pieces/train/white_pawn/white_pawn_2_F8.png,1,pawn,1,1
/home/set/projects/Solver_new_26/data/raw/chess_pieces/train/white_pawn/white_pawn_2_G1.png,1,pawn,1,1
/home/set/projects/Solver_new_26/data/raw/chess_pieces/train/white_pawn/white_pawn_2_G2.png,1,pawn,1,1
/home/set/projects/Solver_new_26/data/raw/chess_pieces/train/white_pawn/white_pawn_2_G3.png,1,pawn,1,1
/home/set/projects/Solver_new_26/data/raw/chess_pieces/train/white_pawn/white_pawn_2_G4.png,1,pawn,1,1
/home/set/projects/Solver_new_26/data/raw/chess_pieces/train/white_pawn/white_pawn_2_G5.png,1,pawn,1,1
/home/set/projects/Solver_new_26/data/raw/chess_pieces/train/white_pawn/white_pawn_2_G6.png,1,pawn,1,1
/home/set/projects/Solver_new_26/data/raw/chess_pieces/train/white_pawn/white_pawn_2_G7.png,1,pawn,1,1
/home/set/projects/Solver_new_26/data/raw/chess_pieces/train/white_pawn/white_pawn_2_G8.png,1,pawn,1,1
/home/set/projects/Solver_new_26/data/raw/chess_pieces/train/white_pawn/white_pawn_2_H1.png,1,pawn,1,1
/home/set/projects/Solver_new_26/data/raw/chess_pieces/train/white_pawn/white_pawn_2_H2.png,1,pawn,1,1
/home/set/projects/Solver_new_26/data/raw/chess_pieces/train/white_pawn/white_pawn_2_H3.png,1,pawn,1,1
/home/set/projects/Solver_new_26/data/raw/chess_pieces/train/white_pawn/white_pawn_2_H4.png,1,pawn,1,1
/home/set/projects/Solver_new_26/data/raw/chess_pieces/train/white_pawn/white_pawn_2_H5.png,1,pawn,1,1
/home/set/projects/Solver_new_26/data/raw/chess_pieces/train/white_pawn/white_pawn_2_H6.png,1,pawn,1,1
/home/set/projects/Solver_new_26/data/raw/chess_pieces/train/white_pawn/white_pawn_2_H7.png,1,pawn,1,1
/home/set/projects/Solver_new_26/data/raw/chess_pieces/train/white_pawn/white_pawn_2_H8.png,1,pawn,1,1
/home/set/projects/Solver_new_26/data/raw/chess_pieces/train/white_pawn/white_pawn_3_A1.png,1,pawn,1,1
/home/set/projects/Solver_new_26/data/raw/chess_pieces/train/white_pawn/white_pawn_3_A2.png,1,pawn,1,1
/home/set/projects/Solver_new_26/data/raw/chess_pieces/train/white_pawn/white_pawn_3_A3.png,1,pawn,1,1
/home/set/projects/Solver_new_26/data/raw/chess_pieces/train/white_pawn/white_pawn_3_A4.png,1,pawn,1,1
/home/set/projects/Solver_new_26/data/raw/chess_pieces/train/white_pawn/white_pawn_3_A5.png,1,pawn,1,1
/home/set/projects/Solver_new_26/data/raw/chess_pieces/train/white_pawn/white_pawn_3_A6.png,1,pawn,1,1
/home/set/projects/Solver_new_26/data/raw/chess_pieces/train/white_pawn/white_pawn_3_A7.png,1,pawn,1,1
/home/set/projects/Solver_new_26/data/raw/chess_pieces/train/white_pawn/white_pawn_3_A8.png,1,pawn,1,1
/home/set/projects/Solver_new_26/data/raw/chess_pieces/train/white_pawn/white_pawn_3_B1.png,1,pawn,1,1
/home/set/projects/Solver_new_26/data/raw/chess_pieces/train/white_pawn/white_pawn_3_B2.png,1,pawn,1,1
/home/set/projects/Solver_new_26/data/raw/chess_pieces/train/white_pawn/white_pawn_3_B3.png,1,pawn,1,1
/home/set/projects/Solver_new_26/data/raw/chess_pieces/train/white_pawn/white_pawn_3_B4.png,1,pawn,1,1
/home/set/projects/Solver_new_26/data/raw/chess_pieces/train/white_pawn/white_pawn_3_B5.png,1,pawn,1,1
/home/set/projects/Solver_new_26/data/raw/chess_pieces/train/white_pawn/white_pawn_3_B6.png,1,pawn,1,1
/home/set/projects/Solver_new_26/data/raw/chess_pieces/train/white_pawn/white_pawn_3_B7.png,1,pawn,1,1
/home/set/projects/Solver_new_26/data/raw/chess_pieces/train/white_pawn/white_pawn_3_B8.png,1,pawn,1,1
/home/set/projects/Solver_new_26/data/raw/chess_pieces/train/white_pawn/white_pawn_3_C1.png,1,pawn,1,1
/home/set/projects/Solver_new_26/data/raw/chess_pieces/train/white_pawn/white_pawn_3_C2.png,1,pawn,1,1
/home/set/projects/Solver_new_26/data/raw/chess_pieces/train/white_pawn/white_pawn_3_C3.png,1,pawn,1,1
/home/set/projects/Solver_new_26/data/raw/chess_pieces/train/white_pawn/white_pawn_3_C4.png,1,pawn,1,1
/home/set/projects/Solver_new_26/data/raw/chess_pieces/train/white_pawn/white_pawn_3_C5.png,1,pawn,1,1
/home/set/projects/Solver_new_26/data/raw/chess_pieces/train/white_pawn/white_pawn_3_C6.png,1,pawn,1,1
/home/set/projects/Solver_new_26/data/raw/chess_pieces/train/white_pawn/white_pawn_3_C7.png,1,pawn,1,1
/home/set/projects/Solver_new_26/data/raw/chess_pieces/train/white_pawn/white_pawn_3_C8.png,1,pawn,1,1
/home/set/projects/Solver_new_26/data/raw/chess_pieces/train/white_pawn/white_pawn_3_D1.png,1,pawn,1,1
/home/set/projects/Solver_new_26/data/raw/chess_pieces/train/white_pawn/white_pawn_3_D2.png,1,pawn,1,1
/home/set/projects/Solver_new_26/data/raw/chess_pieces/train/white_pawn/white_pawn_3_D3.png,1,pawn,1,1
/home/set/projects/Solver_new_26/data/raw/chess_pieces/train/white_pawn/white_pawn_3_D4.png,1,pawn,1,1
/home/set/projects/Solver_new_26/data/raw/chess_pieces/train/white_pawn/white_pawn_3_D5.png,1,pawn,1,1
/home/set/projects/Solver_new_26/data/raw/chess_pieces/train/white_pawn/white_pawn_3_D6.png,1,pawn,1,1
/home/set/projects/Solver_new_26/data/raw/chess_pieces/train/white_pawn/white_pawn_3_D7.png,1,pawn,1,1
/home/set/projects/Solver_new_26/data/raw/chess_pieces/train/white_pawn/white_pawn_3_D8.png,1,pawn,1,1
/home/set/projects/Solver_new_26/data/raw/chess_pieces/train/white_pawn/white_pawn_3_E1.png,1,pawn,1,1
/home/set/projects/Solver_new_26/data/raw/chess_pieces/train/white_pawn/white_pawn_3_E2.png,1,pawn,1,1
/home/set/projects/Solver_new_26/data/raw/chess_pieces/train/white_pawn/white_pawn_3_E3.png,1,pawn,1,1
/home/set/projects/Solver_new_26/data/raw/chess_pieces/train/white_pawn/white_pawn_3_E4.png,1,pawn,1,1
/home/set/projects/Solver_new_26/data/raw/chess_pieces/train/white_pawn/white_pawn_3_E5.png,1,pawn,1,1
/home/set/projects/Solver_new_26/data/raw/chess_pieces/train/white_pawn/white_pawn_3_E6.png,1,pawn,1,1
/home/set/projects/Solver_new_26/data/raw/chess_pieces/train/white_pawn/white_pawn_3_E7.png,1,pawn,1,1
/home/set/projects/Solver_new_26/data/raw/chess_pieces/train/white_pawn/white_pawn_3_E8.png,1,pawn,1,1
/home/set/projects/Solver_new_26/data/raw/chess_pieces/train/white_pawn/white_pawn_3_F1.png,1,pawn,1,1
/home/set/projects/Solver_new_26/data/raw/chess_pieces/train/white_pawn/white_pawn_3_F2.png,1,pawn,1,1
/home/set/projects/Solver_new_26/data/raw/chess_pieces/train/white_pawn/white_pawn_3_F3.png,1,pawn,1,1
/home/set/projects/Solver_new_26/data/raw/chess_pieces/train/white_pawn/white_pawn_3_F4.png,1,pawn,1,1
/home/set/projects/Solver_new_26/data/raw/chess_pieces/train/white_pawn/white_pawn_3_F5.png,1,pawn,1,1
/home/set/projects/Solver_new_26/data/raw/chess_pieces/train/white_pawn/white_pawn_3_F6.png,1,pawn,1,1
/home/set/projects/Solver_new_26/data/raw/chess_pieces/train/white_pawn/white_pawn_3_F7.png,1,pawn,1,1
/home/set/projects/Solver_new_26/data/raw/chess_pieces/train/white_pawn/white_pawn_3_F8.png,1,pawn,1,1
/home/set/projects/Solver_new_26/data/raw/chess_pieces/train/white_pawn/white_pawn_3_G1.png,1,pawn,1,1
/home/set/projects/Solver_new_26/data/raw/chess_pieces/train/white_pawn/white_pawn_3_G2.png,1,pawn,1,1
/home/set/projects/Solver_new_26/data/raw/chess_pieces/train/white_pawn/white_pawn_3_G3.png,1,pawn,1,1
/home/set/projects/Solver_new_26/data/raw/chess_pieces/train/white_pawn/white_pawn_3_G4.png,1,pawn,1,1
/home/set/projects/Solver_new_26/data/raw/chess_pieces/train/white_pawn/white_pawn_3_G5.png,1,pawn,1,1
/home/set/projects/Solver_new_26/data/raw/chess_pieces/train/white_pawn/white_pawn_3_G6.png,1,pawn,1,1
/home/set/projects/Solver_new_26/data/raw/chess_pieces/train/white_pawn/white_pawn_3_G7.png,1,pawn,1,1
/home/set/projects/Solver_new_26/data/raw/chess_pieces/train/white_pawn/white_pawn_3_G8.png,1,pawn,1,1
/home/set/projects/Solver_new_26/data/raw/chess_pieces/train/white_pawn/white_pawn_3_H1.png,1,pawn,1,1
/home/set/projects/Solver_new_26/data/raw/chess_pieces/train/white_pawn/white_pawn_3_H2.png,1,pawn,1,1
/home/set/projects/Solver_new_26/data/raw/chess_pieces/train/white_pawn/white_pawn_3_H3.png,1,pawn,1,1
/home/set/projects/Solver_new_26/data/raw/chess_pieces/train/white_pawn/white_pawn_3_H4.png,1,pawn,1,1
/home/set/projects/Solver_new_26/data/raw/chess_pieces/train/white_pawn/white_pawn_3_H5.png,1,pawn,1,1
/home/set/projects/Solver_new_26/data/raw/chess_pieces/train/white_pawn/white_pawn_3_H6.png,1,pawn,1,1
/home/set/projects/Solver_new_26/data/raw/chess_pieces/train/white_pawn/white_pawn_3_H7.png,1,pawn,1,1
/home/set/projects/Solver_new_26/data/raw/chess_pieces/train/white_pawn/white_pawn_3_H8.png,1,pawn,1,1
/home/set/projects/Solver_new_26/data/raw/chess_pieces/train/white_queen/white_queen_1_A1.png,1,queen,1,1
/home/set/projects/Solver_new_26/data/raw/chess_pieces/train/white_queen/white_queen_1_A2.png,1,queen,1,1
/home/set/projects/Solver_new_26/data/raw/chess_pieces/train/white_queen/white_queen_1_A3.png,1,queen,1,1
/home/set/projects/Solver_new_26/data/raw/chess_pieces/train/white_queen/white_queen_1_A4.png,1,queen,1,1
/home/set/projects/Solver_new_26/data/raw/chess_pieces/train/white_queen/white_queen_1_A5.png,1,queen,1,1
/home/set/projects/Solver_new_26/data/raw/chess_pieces/train/white_queen/white_queen_1_A6.png,1,queen,1,1
/home/set/projects/Solver_new_26/data/raw/chess_pieces/train/white_queen/white_queen_1_A7.png,1,queen,1,1
/home/set/projects/Solver_new_26/data/raw/chess_pieces/train/white_queen/white_queen_1_A8.png,1,queen,1,1
/home/set/projects/Solver_new_26/data/raw/chess_pieces/train/white_queen/white_queen_1_B1.png,1,queen,1,1
/home/set/projects/Solver_new_26/data/raw/chess_pieces/train/white_queen/white_queen_1_B2.png,1,queen,1,1
/home/set/projects/Solver_new_26/data/raw/chess_pieces/train/white_queen/white_queen_1_B3.png,1,queen,1,1
/home/set/projects/Solver_new_26/data/raw/chess_pieces/train/white_queen/white_queen_1_B4.png,1,queen,1,1
/home/set/projects/Solver_new_26/data/raw/chess_pieces/train/white_queen/white_queen_1_B5.png,1,queen,1,1
/home/set/projects/Solver_new_26/data/raw/chess_pieces/train/white_queen/white_queen_1_B6.png,1,queen,1,1
/home/set/projects/Solver_new_26/data/raw/chess_pieces/train/white_queen/white_queen_1_B7.png,1,queen,1,1
/home/set/projects/Solver_new_26/data/raw/chess_pieces/train/white_queen/white_queen_1_B8.png,1,queen,1,1
/home/set/projects/Solver_new_26/data/raw/chess_pieces/train/white_queen/white_queen_1_C1.png,1,queen,1,1
/home/set/projects/Solver_new_26/data/raw/chess_pieces/train/white_queen/white_queen_1_C2.png,1,queen,1,1
/home/set/projects/Solver_new_26/data/raw/chess_pieces/train/white_queen/white_queen_1_C3.png,1,queen,1,1
/home/set/projects/Solver_new_26/data/raw/chess_pieces/train/white_queen/white_queen_1_C4.png,1,queen,1,1
/home/set/projects/Solver_new_26/data/raw/chess_pieces/train/white_queen/white_queen_1_C5.png,1,queen,1,1
/home/set/projects/Solver_new_26/data/raw/chess_pieces/train/white_queen/white_queen_1_C6.png,1,queen,1,1
/home/set/projects/Solver_new_26/data/raw/chess_pieces/train/white_queen/white_queen_1_C7.png,1,queen,1,1
/home/set/projects/Solver_new_26/data/raw/chess_pieces/train/white_queen/white_queen_1_C8.png,1,queen,1,1
/home/set/projects/Solver_new_26/data/raw/chess_pieces/train/white_queen/white_queen_1_D1.png,1,queen,1,1
/home/set/projects/Solver_new_26/data/raw/chess_pieces/train/white_queen/white_queen_1_D2.png,1,queen,1,1
/home/set/projects/Solver_new_26/data/raw/chess_pieces/train/white_queen/white_queen_1_D3.png,1,queen,1,1
/home/set/projects/Solver_new_26/data/raw/chess_pieces/train/white_queen/white_queen_1_D4.png,1,queen,1,1
/home/set/projects/Solver_new_26/data/raw/chess_pieces/train/white_queen/white_queen_1_D5.png,1,queen,1,1
/home/set/projects/Solver_new_26/data/raw/chess_pieces/train/white_queen/white_queen_1_D6.png,1,queen,1,1
/home/set/projects/Solver_new_26/data/raw/chess_pieces/train/white_queen/white_queen_1_D7.png,1,queen,1,1
/home/set/projects/Solver_new_26/data/raw/chess_pieces/train/white_queen/white_queen_1_D8.png,1,queen,1,1
/home/set/projects/Solver_new_26/data/raw/chess_pieces/train/white_queen/white_queen_1_E1.png,1,queen,1,1
/home/set/projects/Solver_new_26/data/raw/chess_pieces/train/white_queen/white_queen_1_E2.png,1,queen,1,1
/home/set/projects/Solver_new_26/data/raw/chess_pieces/train/white_queen/white_queen_1_E3.png,1,queen,1,1
/home/set/projects/Solver_new_26/data/raw/chess_pieces/train/white_queen/white_queen_1_E4.png,1,queen,1,1
/home/set/projects/Solver_new_26/data/raw/chess_pieces/train/white_queen/white_queen_1_E5.png,1,queen,1,1
/home/set/projects/Solver_new_26/data/raw/chess_pieces/train/white_queen/white_queen_1_E6.png,1,queen,1,1
/home/set/projects/Solver_new_26/data/raw/chess_pieces/train/white_queen/white_queen_1_E7.png,1,queen,1,1
/home/set/projects/Solver_new_26/data/raw/chess_pieces/train/white_queen/white_queen_1_E8.png,1,queen,1,1
/home/set/projects/Solver_new_26/data/raw/chess_pieces/train/white_queen/white_queen_1_F1.png,1,queen,1,1
/home/set/projects/Solver_new_26/data/raw/chess_pieces/train/white_queen/white_queen_1_F2.png,1,queen,1,1
/home/set/projects/Solver_new_26/data/raw/chess_pieces/train/white_queen/white_queen_1_F3.png,1,queen,1,1
/home/set/projects/Solver_new_26/data/raw/chess_pieces/train/white_queen/white_queen_1_F4.png,1,queen,1,1
/home/set/projects/Solver_new_26/data/raw/chess_pieces/train/white_queen/white_queen_1_F5.png,1,queen,1,1
/home/set/projects/Solver_new_26/data/raw/chess_pieces/train/white_queen/white_queen_1_F6.png,1,queen,1,1
/home/set/projects/Solver_new_26/data/raw/chess_pieces/train/white_queen/white_queen_1_F7.png,1,queen,1,1
/home/set/projects/Solver_new_26/data/raw/chess_pieces/train/white_queen/white_queen_1_F8.png,1,queen,1,1
/home/set/projects/Solver_new_26/data/raw/chess_pieces/train/white_queen/white_queen_1_G1.png,1,queen,1,1
/home/set/projects/Solver_new_26/data/raw/chess_pieces/train/white_queen/white_queen_1_G2.png,1,queen,1,1
/home/set/projects/Solver_new_26/data/raw/chess_pieces/train/white_queen/white_queen_1_G3.png,1,queen,1,1
/home/set/projects/Solver_new_26/data/raw/chess_pieces/train/white_queen/white_queen_1_G4.png,1,queen,1,1
/home/set/projects/Solver_new_26/data/raw/chess_pieces/train/white_queen/white_queen_1_G5.png,1,queen,1,1
/home/set/projects/Solver_new_26/data/raw/chess_pieces/train/white_queen/white_queen_1_G6.png,1,queen,1,1
/home/set/projects/Solver_new_26/data/raw/chess_pieces/train/white_queen/white_queen_1_G7.png,1,queen,1,1
/home/set/projects/Solver_new_26/data/raw/chess_pieces/train/white_queen/white_queen_1_G8.png,1,queen,1,1
/home/set/projects/Solver_new_26/data/raw/chess_pieces/train/white_queen/white_queen_1_H1.png,1,queen,1,1
/home/set/projects/Solver_new_26/data/raw/chess_pieces/train/white_queen/white_queen_1_H2.png,1,queen,1,1
/home/set/projects/Solver_new_26/data/raw/chess_pieces/train/white_queen/white_queen_1_H3.png,1,queen,1,1
/home/set/projects/Solver_new_26/data/raw/chess_pieces/train/white_queen/white_queen_1_H4.png,1,queen,1,1
/home/set/projects/Solver_new_26/data/raw/chess_pieces/train/white_queen/white_queen_1_H5.png,1,queen,1,1
/home/set/projects/Solver_new_26/data/raw/chess_pieces/train/white_queen/white_queen_1_H6.png,1,queen,1,1
/home/set/projects/Solver_new_26/data/raw/chess_pieces/train/white_queen/white_queen_1_H7.png,1,queen,1,1
/home/set/projects/Solver_new_26/data/raw/chess_pieces/train/white_queen/white_queen_1_H8.png,1,queen,1,1
/home/set/projects/Solver_new_26/data/raw/chess_pieces/train/white_queen/white_queen_2_A1.png,1,queen,1,1
/home/set/projects/Solver_new_26/data/raw/chess_pieces/train/white_queen/white_queen_2_A2.png,1,queen,1,1
/home/set/projects/Solver_new_26/data/raw/chess_pieces/train/white_queen/white_queen_2_A3.png,1,queen,1,1
/home/set/projects/Solver_new_26/data/raw/chess_pieces/train/white_queen/white_queen_2_A4.png,1,queen,1,1
/home/set/projects/Solver_new_26/data/raw/chess_pieces/train/white_queen/white_queen_2_A5.png,1,queen,1,1
/home/set/projects/Solver_new_26/data/raw/chess_pieces/train/white_queen/white_queen_2_A6.png,1,queen,1,1
/home/set/projects/Solver_new_26/data/raw/chess_pieces/train/white_queen/white_queen_2_A7.png,1,queen,1,1
/home/set/projects/Solver_new_26/data/raw/chess_pieces/train/white_queen/white_queen_2_A8.png,1,queen,1,1
/home/set/projects/Solver_new_26/data/raw/chess_pieces/train/white_queen/white_queen_2_B1.png,1,queen,1,1
/home/set/projects/Solver_new_26/data/raw/chess_pieces/train/white_queen/white_queen_2_B2.png,1,queen,1,1
/home/set/projects/Solver_new_26/data/raw/chess_pieces/train/white_queen/white_queen_2_B3.png,1,queen,1,1
/home/set/projects/Solver_new_26/data/raw/chess_pieces/train/white_queen/white_queen_2_B4.png,1,queen,1,1
/home/set/projects/Solver_new_26/data/raw/chess_pieces/train/white_queen/white_queen_2_B5.png,1,queen,1,1
/home/set/projects/Solver_new_26/data/raw/chess_pieces/train/white_queen/white_queen_2_B6.png,1,queen,1,1
/home/set/projects/Solver_new_26/data/raw/chess_pieces/train/white_queen/white_queen_2_B7.png,1,queen,1,1
/home/set/projects/Solver_new_26/data/raw/chess_pieces/train/white_queen/white_queen_2_B8.png,1,queen,1,1
/home/set/projects/Solver_new_26/data/raw/chess_pieces/train/white_queen/white_queen_2_C1.png,1,queen,1,1
/home/set/projects/Solver_new_26/data/raw/chess_pieces/train/white_queen/white_queen_2_C2.png,1,queen,1,1
/home/set/projects/Solver_new_26/data/raw/chess_pieces/train/white_queen/white_queen_2_C3.png,1,queen,1,1
/home/set/projects/Solver_new_26/data/raw/chess_pieces/train/white_queen/white_queen_2_C4.png,1,queen,1,1
/home/set/projects/Solver_new_26/data/raw/chess_pieces/train/white_queen/white_queen_2_C5.png,1,queen,1,1
/home/set/projects/Solver_new_26/data/raw/chess_pieces/train/white_queen/white_queen_2_C6.png,1,queen,1,1
/home/set/projects/Solver_new_26/data/raw/chess_pieces/train/white_queen/white_queen_2_C7.png,1,queen,1,1
/home/set/projects/Solver_new_26/data/raw/chess_pieces/train/white_queen/white_queen_2_C8.png,1,queen,1,1
/home/set/projects/Solver_new_26/data/raw/chess_pieces/train/white_queen/white_queen_2_D1.png,1,queen,1,1
/home/set/projects/Solver_new_26/data/raw/chess_pieces/train/white_queen/white_queen_2_D2.png,1,queen,1,1
/home/set/projects/Solver_new_26/data/raw/chess_pieces/train/white_queen/white_queen_2_D3.png,1,queen,1,1
/home/set/projects/Solver_new_26/data/raw/chess_pieces/train/white_queen/white_queen_2_D4.png,1,queen,1,1
/home/set/projects/Solver_new_26/data/raw/chess_pieces/train/white_queen/white_queen_2_D5.png,1,queen,1,1
/home/set/projects/Solver_new_26/data/raw/chess_pieces/train/white_queen/white_queen_2_D6.png,1,queen,1,1
/home/set/projects/Solver_new_26/data/raw/chess_pieces/train/white_queen/white_queen_2_D7.png,1,queen,1,1
/home/set/projects/Solver_new_26/data/raw/chess_pieces/train/white_queen/white_queen_2_D8.png,1,queen,1,1
/home/set/projects/Solver_new_26/data/raw/chess_pieces/train/white_queen/white_queen_2_E1.png,1,queen,1,1
/home/set/projects/Solver_new_26/data/raw/chess_pieces/train/white_queen/white_queen_2_E2.png,1,queen,1,1
/home/set/projects/Solver_new_26/data/raw/chess_pieces/train/white_queen/white_queen_2_E3.png,1,queen,1,1
/home/set/projects/Solver_new_26/data/raw/chess_pieces/train/white_queen/white_queen_2_E4.png,1,queen,1,1
/home/set/projects/Solver_new_26/data/raw/chess_pieces/train/white_queen/white_queen_2_E5.png,1,queen,1,1
/home/set/projects/Solver_new_26/data/raw/chess_pieces/train/white_queen/white_queen_2_E6.png,1,queen,1,1
/home/set/projects/Solver_new_26/data/raw/chess_pieces/train/white_queen/white_queen_2_E7.png,1,queen,1,1
/home/set/projects/Solver_new_26/data/raw/chess_pieces/train/white_queen/white_queen_2_E8.png,1,queen,1,1
/home/set/projects/Solver_new_26/data/raw/chess_pieces/train/white_queen/white_queen_2_F1.png,1,queen,1,1
/home/set/projects/Solver_new_26/data/raw/chess_pieces/train/white_queen/white_queen_2_F2.png,1,queen,1,1
/home/set/projects/Solver_new_26/data/raw/chess_pieces/train/white_queen/white_queen_2_F3.png,1,queen,1,1
/home/set/projects/Solver_new_26/data/raw/chess_pieces/train/white_queen/white_queen_2_F4.png,1,queen,1,1
/home/set/projects/Solver_new_26/data/raw/chess_pieces/train/white_queen/white_queen_2_F5.png,1,queen,1,1
/home/set/projects/Solver_new_26/data/raw/chess_pieces/train/white_queen/white_queen_2_F6.png,1,queen,1,1
/home/set/projects/Solver_new_26/data/raw/chess_pieces/train/white_queen/white_queen_2_F7.png,1,queen,1,1
/home/set/projects/Solver_new_26/data/raw/chess_pieces/train/white_queen/white_queen_2_F8.png,1,queen,1,1
/home/set/projects/Solver_new_26/data/raw/chess_pieces/train/white_queen/white_queen_2_G1.png,1,queen,1,1
/home/set/projects/Solver_new_26/data/raw/chess_pieces/train/white_queen/white_queen_2_G2.png,1,queen,1,1
/home/set/projects/Solver_new_26/data/raw/chess_pieces/train/white_queen/white_queen_2_G3.png,1,queen,1,1
/home/set/projects/Solver_new_26/data/raw/chess_pieces/train/white_queen/white_queen_2_G4.png,1,queen,1,1
/home/set/projects/Solver_new_26/data/raw/chess_pieces/train/white_queen/white_queen_2_G5.png,1,queen,1,1
/home/set/projects/Solver_new_26/data/raw/chess_pieces/train/white_queen/white_queen_2_G6.png,1,queen,1,1
/home/set/projects/Solver_new_26/data/raw/chess_pieces/train/white_queen/white_queen_2_G7.png,1,queen,1,1
/home/set/projects/Solver_new_26/data/raw/chess_pieces/train/white_queen/white_queen_2_G8.png,1,queen,1,1
/home/set/projects/Solver_new_26/data/raw/chess_pieces/train/white_queen/white_queen_2_H1.png,1,queen,1,1
/home/set/projects/Solver_new_26/data/raw/chess_pieces/train/white_queen/white_queen_2_H2.png,1,queen,1,1
/home/set/projects/Solver_new_26/data/raw/chess_pieces/train/white_queen/white_queen_2_H3.png,1,queen,1,1
/home/set/projects/Solver_new_26/data/raw/chess_pieces/train/white_queen/white_queen_2_H4.png,1,queen,1,1
/home/set/projects/Solver_new_26/data/raw/chess_pieces/train/white_queen/white_queen_2_H5.png,1,queen,1,1
/home/set/projects/Solver_new_26/data/raw/chess_pieces/train/white_queen/white_queen_2_H6.png,1,queen,1,1
/home/set/projects/Solver_new_26/data/raw/chess_pieces/train/white_queen/white_queen_2_H7.png,1,queen,1,1
/home/set/projects/Solver_new_26/data/raw/chess_pieces/train/white_queen/white_queen_2_H8.png,1,queen,1,1
/home/set/projects/Solver_new_26/data/raw/chess_pieces/train/white_queen/white_queen_3_A1.png,1,queen,1,1
/home/set/projects/Solver_new_26/data/raw/chess_pieces/train/white_queen/white_queen_3_A2.png,1,queen,1,1
/home/set/projects/Solver_new_26/data/raw/chess_pieces/train/white_queen/white_queen_3_A3.png,1,queen,1,1
/home/set/projects/Solver_new_26/data/raw/chess_pieces/train/white_queen/white_queen_3_A4.png,1,queen,1,1
/home/set/projects/Solver_new_26/data/raw/chess_pieces/train/white_queen/white_queen_3_A5.png,1,queen,1,1
/home/set/projects/Solver_new_26/data/raw/chess_pieces/train/white_queen/white_queen_3_A6.png,1,queen,1,1
/home/set/projects/Solver_new_26/data/raw/chess_pieces/train/white_queen/white_queen_3_A7.png,1,queen,1,1
/home/set/projects/Solver_new_26/data/raw/chess_pieces/train/white_queen/white_queen_3_A8.png,1,queen,1,1
/home/set/projects/Solver_new_26/data/raw/chess_pieces/train/white_queen/white_queen_3_B1.png,1,queen,1,1
/home/set/projects/Solver_new_26/data/raw/chess_pieces/train/white_queen/white_queen_3_B2.png,1,queen,1,1
/home/set/projects/Solver_new_26/data/raw/chess_pieces/train/white_queen/white_queen_3_B3.png,1,queen,1,1
/home/set/projects/Solver_new_26/data/raw/chess_pieces/train/white_queen/white_queen_3_B4.png,1,queen,1,1
/home/set/projects/Solver_new_26/data/raw/chess_pieces/train/white_queen/white_queen_3_B5.png,1,queen,1,1
/home/set/projects/Solver_new_26/data/raw/chess_pieces/train/white_queen/white_queen_3_B6.png,1,queen,1,1
/home/set/projects/Solver_new_26/data/raw/chess_pieces/train/white_queen/white_queen_3_B7.png,1,queen,1,1
/home/set/projects/Solver_new_26/data/raw/chess_pieces/train/white_queen/white_queen_3_B8.png,1,queen,1,1
/home/set/projects/Solver_new_26/data/raw/chess_pieces/train/white_queen/white_queen_3_C1.png,1,queen,1,1
/home/set/projects/Solver_new_26/data/raw/chess_pieces/train/white_queen/white_queen_3_C2.png,1,queen,1,1
/home/set/projects/Solver_new_26/data/raw/chess_pieces/train/white_queen/white_queen_3_C3.png,1,queen,1,1
/home/set/projects/Solver_new_26/data/raw/chess_pieces/train/white_queen/white_queen_3_C4.png,1,queen,1,1
/home/set/projects/Solver_new_26/data/raw/chess_pieces/train/white_queen/white_queen_3_C5.png,1,queen,1,1
/home/set/projects/Solver_new_26/data/raw/chess_pieces/train/white_queen/white_queen_3_C6.png,1,queen,1,1
/home/set/projects/Solver_new_26/data/raw/chess_pieces/train/white_queen/white_queen_3_C7.png,1,queen,1,1
/home/set/projects/Solver_new_26/data/raw/chess_pieces/train/white_queen/white_queen_3_C8.png,1,queen,1,1
/home/set/projects/Solver_new_26/data/raw/chess_pieces/train/white_queen/white_queen_3_D1.png,1,queen,1,1
/home/set/projects/Solver_new_26/data/raw/chess_pieces/train/white_queen/white_queen_3_D2.png,1,queen,1,1
/home/set/projects/Solver_new_26/data/raw/chess_pieces/train/white_queen/white_queen_3_D3.png,1,queen,1,1
/home/set/projects/Solver_new_26/data/raw/chess_pieces/train/white_queen/white_queen_3_D4.png,1,queen,1,1
/home/set/projects/Solver_new_26/data/raw/chess_pieces/train/white_queen/white_queen_3_D5.png,1,queen,1,1
/home/set/projects/Solver_new_26/data/raw/chess_pieces/train/white_queen/white_queen_3_D6.png,1,queen,1,1
/home/set/projects/Solver_new_26/data/raw/chess_pieces/train/white_queen/white_queen_3_D7.png,1,queen,1,1
/home/set/projects/Solver_new_26/data/raw/chess_pieces/train/white_queen/white_queen_3_D8.png,1,queen,1,1
/home/set/projects/Solver_new_26/data/raw/chess_pieces/train/white_queen/white_queen_3_E1.png,1,queen,1,1
/home/set/projects/Solver_new_26/data/raw/chess_pieces/train/white_queen/white_queen_3_E2.png,1,queen,1,1
/home/set/projects/Solver_new_26/data/raw/chess_pieces/train/white_queen/white_queen_3_E3.png,1,queen,1,1
/home/set/projects/Solver_new_26/data/raw/chess_pieces/train/white_queen/white_queen_3_E4.png,1,queen,1,1
/home/set/projects/Solver_new_26/data/raw/chess_pieces/train/white_queen/white_queen_3_E5.png,1,queen,1,1
/home/set/projects/Solver_new_26/data/raw/chess_pieces/train/white_queen/white_queen_3_E6.png,1,queen,1,1
/home/set/projects/Solver_new_26/data/raw/chess_pieces/train/white_queen/white_queen_3_E7.png,1,queen,1,1
/home/set/projects/Solver_new_26/data/raw/chess_pieces/train/white_queen/white_queen_3_E8.png,1,queen,1,1
/home/set/projects/Solver_new_26/data/raw/chess_pieces/train/white_queen/white_queen_3_F1.png,1,queen,1,1
/home/set/projects/Solver_new_26/data/raw/chess_pieces/train/white_queen/white_queen_3_F2.png,1,queen,1,1
/home/set/projects/Solver_new_26/data/raw/chess_pieces/train/white_queen/white_queen_3_F3.png,1,queen,1,1
/home/set/projects/Solver_new_26/data/raw/chess_pieces/train/white_queen/white_queen_3_F4.png,1,queen,1,1
/home/set/projects/Solver_new_26/data/raw/chess_pieces/train/white_queen/white_queen_3_F5.png,1,queen,1,1
/home/set/projects/Solver_new_26/data/raw/chess_pieces/train/white_queen/white_queen_3_F6.png,1,queen,1,1
/home/set/projects/Solver_new_26/data/raw/chess_pieces/train/white_queen/white_queen_3_F7.png,1,queen,1,1
/home/set/projects/Solver_new_26/data/raw/chess_pieces/train/white_queen/white_queen_3_F8.png,1,queen,1,1
/home/set/projects/Solver_new_26/data/raw/chess_pieces/train/white_queen/white_queen_3_G1.png,1,queen,1,1
/home/set/projects/Solver_new_26/data/raw/chess_pieces/train/white_queen/white_queen_3_G2.png,1,queen,1,1
/home/set/projects/Solver_new_26/data/raw/chess_pieces/train/white_queen/white_queen_3_G3.png,1,queen,1,1
/home/set/projects/Solver_new_26/data/raw/chess_pieces/train/white_queen/white_queen_3_G4.png,1,queen,1,1
/home/set/projects/Solver_new_26/data/raw/chess_pieces/train/white_queen/white_queen_3_G5.png,1,queen,1,1
/home/set/projects/Solver_new_26/data/raw/chess_pieces/train/white_queen/white_queen_3_G6.png,1,queen,1,1
/home/set/projects/Solver_new_26/data/raw/chess_pieces/train/white_queen/white_queen_3_G7.png,1,queen,1,1
/home/set/projects/Solver_new_26/data/raw/chess_pieces/train/white_queen/white_queen_3_G8.png,1,queen,1,1
/home/set/projects/Solver_new_26/data/raw/chess_pieces/train/white_queen/white_queen_3_H1.png,1,queen,1,1
/home/set/projects/Solver_new_26/data/raw/chess_pieces/train/white_queen/white_queen_3_H2.png,1,queen,1,1
/home/set/projects/Solver_new_26/data/raw/chess_pieces/train/white_queen/white_queen_3_H3.png,1,queen,1,1
/home/set/projects/Solver_new_26/data/raw/chess_pieces/train/white_queen/white_queen_3_H4.png,1,queen,1,1
/home/set/projects/Solver_new_26/data/raw/chess_pieces/train/white_queen/white_queen_3_H5.png,1,queen,1,1
/home/set/projects/Solver_new_26/data/raw/chess_pieces/train/white_queen/white_queen_3_H6.png,1,queen,1,1
/home/set/projects/Solver_new_26/data/raw/chess_pieces/train/white_queen/white_queen_3_H7.png,1,queen,1,1
/home/set/projects/Solver_new_26/data/raw/chess_pieces/train/white_queen/white_queen_3_H8.png,1,queen,1,1
/home/set/projects/Solver_new_26/data/raw/chess_pieces/train/white_rook/white_rook_1_A1.png,1,rook,1,1
/home/set/projects/Solver_new_26/data/raw/chess_pieces/train/white_rook/white_rook_1_A2.png,1,rook,1,1
/home/set/projects/Solver_new_26/data/raw/chess_pieces/train/white_rook/white_rook_1_A3.png,1,rook,1,1
/home/set/projects/Solver_new_26/data/raw/chess_pieces/train/white_rook/white_rook_1_A4.png,1,rook,1,1
/home/set/projects/Solver_new_26/data/raw/chess_pieces/train/white_rook/white_rook_1_A5.png,1,rook,1,1
/home/set/projects/Solver_new_26/data/raw/chess_pieces/train/white_rook/white_rook_1_A6.png,1,rook,1,1
/home/set/projects/Solver_new_26/data/raw/chess_pieces/train/white_rook/white_rook_1_A7.png,1,rook,1,1
/home/set/projects/Solver_new_26/data/raw/chess_pieces/train/white_rook/white_rook_1_A8.png,1,rook,1,1
/home/set/projects/Solver_new_26/data/raw/chess_pieces/train/white_rook/white_rook_1_B1.png,1,rook,1,1
/home/set/projects/Solver_new_26/data/raw/chess_pieces/train/white_rook/white_rook_1_B2.png,1,rook,1,1
/home/set/projects/Solver_new_26/data/raw/chess_pieces/train/white_rook/white_rook_1_B3.png,1,rook,1,1
/home/set/projects/Solver_new_26/data/raw/chess_pieces/train/white_rook/white_rook_1_B4.png,1,rook,1,1
/home/set/projects/Solver_new_26/data/raw/chess_pieces/train/white_rook/white_rook_1_B5.png,1,rook,1,1
/home/set/projects/Solver_new_26/data/raw/chess_pieces/train/white_rook/white_rook_1_B6.png,1,rook,1,1
/home/set/projects/Solver_new_26/data/raw/chess_pieces/train/white_rook/white_rook_1_B7.png,1,rook,1,1
/home/set/projects/Solver_new_26/data/raw/chess_pieces/train/white_rook/white_rook_1_B8.png,1,rook,1,1
/home/set/projects/Solver_new_26/data/raw/chess_pieces/train/white_rook/white_rook_1_C1.png,1,rook,1,1
/home/set/projects/Solver_new_26/data/raw/chess_pieces/train/white_rook/white_rook_1_C2.png,1,rook,1,1
/home/set/projects/Solver_new_26/data/raw/chess_pieces/train/white_rook/white_rook_1_C3.png,1,rook,1,1
/home/set/projects/Solver_new_26/data/raw/chess_pieces/train/white_rook/white_rook_1_C4.png,1,rook,1,1
/home/set/projects/Solver_new_26/data/raw/chess_pieces/train/white_rook/white_rook_1_C5.png,1,rook,1,1
/home/set/projects/Solver_new_26/data/raw/chess_pieces/train/white_rook/white_rook_1_C6.png,1,rook,1,1
/home/set/projects/Solver_new_26/data/raw/chess_pieces/train/white_rook/white_rook_1_C7.png,1,rook,1,1
/home/set/projects/Solver_new_26/data/raw/chess_pieces/train/white_rook/white_rook_1_C8.png,1,rook,1,1
/home/set/projects/Solver_new_26/data/raw/chess_pieces/train/white_rook/white_rook_1_D1.png,1,rook,1,1
/home/set/projects/Solver_new_26/data/raw/chess_pieces/train/white_rook/white_rook_1_D2.png,1,rook,1,1
/home/set/projects/Solver_new_26/data/raw/chess_pieces/train/white_rook/white_rook_1_D3.png,1,rook,1,1
/home/set/projects/Solver_new_26/data/raw/chess_pieces/train/white_rook/white_rook_1_D4.png,1,rook,1,1
/home/set/projects/Solver_new_26/data/raw/chess_pieces/train/white_rook/white_rook_1_D5.png,1,rook,1,1
/home/set/projects/Solver_new_26/data/raw/chess_pieces/train/white_rook/white_rook_1_D6.png,1,rook,1,1
/home/set/projects/Solver_new_26/data/raw/chess_pieces/train/white_rook/white_rook_1_D7.png,1,rook,1,1
/home/set/projects/Solver_new_26/data/raw/chess_pieces/train/white_rook/white_rook_1_D8.png,1,rook,1,1
/home/set/projects/Solver_new_26/data/raw/chess_pieces/train/white_rook/white_rook_1_E1.png,1,rook,1,1
/home/set/projects/Solver_new_26/data/raw/chess_pieces/train/white_rook/white_rook_1_E2.png,1,rook,1,1
/home/set/projects/Solver_new_26/data/raw/chess_pieces/train/white_rook/white_rook_1_E3.png,1,rook,1,1
/home/set/projects/Solver_new_26/data/raw/chess_pieces/train/white_rook/white_rook_1_E4.png,1,rook,1,1
/home/set/projects/Solver_new_26/data/raw/chess_pieces/train/white_rook/white_rook_1_E5.png,1,rook,1,1
/home/set/projects/Solver_new_26/data/raw/chess_pieces/train/white_rook/white_rook_1_E6.png,1,rook,1,1
/home/set/projects/Solver_new_26/data/raw/chess_pieces/train/white_rook/white_rook_1_E7.png,1,rook,1,1
/home/set/projects/Solver_new_26/data/raw/chess_pieces/train/white_rook/white_rook_1_E8.png,1,rook,1,1
/home/set/projects/Solver_new_26/data/raw/chess_pieces/train/white_rook/white_rook_1_F1.png,1,rook,1,1
/home/set/projects/Solver_new_26/data/raw/chess_pieces/train/white_rook/white_rook_1_F2.png,1,rook,1,1
/home/set/projects/Solver_new_26/data/raw/chess_pieces/train/white_rook/white_rook_1_F3.png,1,rook,1,1
/home/set/projects/Solver_new_26/data/raw/chess_pieces/train/white_rook/white_rook_1_F4.png,1,rook,1,1
/home/set/projects/Solver_new_26/data/raw/chess_pieces/train/white_rook/white_rook_1_F5.png,1,rook,1,1
/home/set/projects/Solver_new_26/data/raw/chess_pieces/train/white_rook/white_rook_1_F6.png,1,rook,1,1
/home/set/projects/Solver_new_26/data/raw/chess_pieces/train/white_rook/white_rook_1_F7.png,1,rook,1,1
/home/set/projects/Solver_new_26/data/raw/chess_pieces/train/white_rook/white_rook_1_F8.png,1,rook,1,1
/home/set/projects/Solver_new_26/data/raw/chess_pieces/train/white_rook/white_rook_1_G1.png,1,rook,1,1
/home/set/projects/Solver_new_26/data/raw/chess_pieces/train/white_rook/white_rook_1_G2.png,1,rook,1,1
/home/set/projects/Solver_new_26/data/raw/chess_pieces/train/white_rook/white_rook_1_G3.png,1,rook,1,1
/home/set/projects/Solver_new_26/data/raw/chess_pieces/train/white_rook/white_rook_1_G4.png,1,rook,1,1
/home/set/projects/Solver_new_26/data/raw/chess_pieces/train/white_rook/white_rook_1_G5.png,1,rook,1,1
/home/set/projects/Solver_new_26/data/raw/chess_pieces/train/white_rook/white_rook_1_G6.png,1,rook,1,1
/home/set/projects/Solver_new_26/data/raw/chess_pieces/train/white_rook/white_rook_1_G7.png,1,rook,1,1
/home/set/projects/Solver_new_26/data/raw/chess_pieces/train/white_rook/white_rook_1_G8.png,1,rook,1,1
/home/set/projects/Solver_new_26/data/raw/chess_pieces/train/white_rook/white_rook_1_H1.png,1,rook,1,1
/home/set/projects/Solver_new_26/data/raw/chess_pieces/train/white_rook/white_rook_1_H2.png,1,rook,1,1
/home/set/projects/Solver_new_26/data/raw/chess_pieces/train/white_rook/white_rook_1_H3.png,1,rook,1,1
/home/set/projects/Solver_new_26/data/raw/chess_pieces/train/white_rook/white_rook_1_H4.png,1,rook,1,1
/home/set/projects/Solver_new_26/data/raw/chess_pieces/train/white_rook/white_rook_1_H5.png,1,rook,1,1
/home/set/projects/Solver_new_26/data/raw/chess_pieces/train/white_rook/white_rook_1_H6.png,1,rook,1,1
/home/set/projects/Solver_new_26/data/raw/chess_pieces/train/white_rook/white_rook_1_H7.png,1,rook,1,1
/home/set/projects/Solver_new_26/data/raw/chess_pieces/train/white_rook/white_rook_1_H8.png,1,rook,1,1
/home/set/projects/Solver_new_26/data/raw/chess_pieces/train/white_rook/white_rook_2_A1.png,1,rook,1,1
/home/set/projects/Solver_new_26/data/raw/chess_pieces/train/white_rook/white_rook_2_A2.png,1,rook,1,1
/home/set/projects/Solver_new_26/data/raw/chess_pieces/train/white_rook/white_rook_2_A3.png,1,rook,1,1
/home/set/projects/Solver_new_26/data/raw/chess_pieces/train/white_rook/white_rook_2_A4.png,1,rook,1,1
/home/set/projects/Solver_new_26/data/raw/chess_pieces/train/white_rook/white_rook_2_A5.png,1,rook,1,1
/home/set/projects/Solver_new_26/data/raw/chess_pieces/train/white_rook/white_rook_2_A6.png,1,rook,1,1
/home/set/projects/Solver_new_26/data/raw/chess_pieces/train/white_rook/white_rook_2_A7.png,1,rook,1,1
/home/set/projects/Solver_new_26/data/raw/chess_pieces/train/white_rook/white_rook_2_A8.png,1,rook,1,1
/home/set/projects/Solver_new_26/data/raw/chess_pieces/train/white_rook/white_rook_2_B1.png,1,rook,1,1
/home/set/projects/Solver_new_26/data/raw/chess_pieces/train/white_rook/white_rook_2_B2.png,1,rook,1,1
/home/set/projects/Solver_new_26/data/raw/chess_pieces/train/white_rook/white_rook_2_B3.png,1,rook,1,1
/home/set/projects/Solver_new_26/data/raw/chess_pieces/train/white_rook/white_rook_2_B4.png,1,rook,1,1
/home/set/projects/Solver_new_26/data/raw/chess_pieces/train/white_rook/white_rook_2_B5.png,1,rook,1,1
/home/set/projects/Solver_new_26/data/raw/chess_pieces/train/white_rook/white_rook_2_B6.png,1,rook,1,1
/home/set/projects/Solver_new_26/data/raw/chess_pieces/train/white_rook/white_rook_2_B7.png,1,rook,1,1
/home/set/projects/Solver_new_26/data/raw/chess_pieces/train/white_rook/white_rook_2_B8.png,1,rook,1,1
/home/set/projects/Solver_new_26/data/raw/chess_pieces/train/white_rook/white_rook_2_C1.png,1,rook,1,1
/home/set/projects/Solver_new_26/data/raw/chess_pieces/train/white_rook/white_rook_2_C2.png,1,rook,1,1
/home/set/projects/Solver_new_26/data/raw/chess_pieces/train/white_rook/white_rook_2_C3.png,1,rook,1,1
/home/set/projects/Solver_new_26/data/raw/chess_pieces/train/white_rook/white_rook_2_C4.png,1,rook,1,1
/home/set/projects/Solver_new_26/data/raw/chess_pieces/train/white_rook/white_rook_2_C5.png,1,rook,1,1
/home/set/projects/Solver_new_26/data/raw/chess_pieces/train/white_rook/white_rook_2_C6.png,1,rook,1,1
/home/set/projects/Solver_new_26/data/raw/chess_pieces/train/white_rook/white_rook_2_C7.png,1,rook,1,1
/home/set/projects/Solver_new_26/data/raw/chess_pieces/train/white_rook/white_rook_2_C8.png,1,rook,1,1
/home/set/projects/Solver_new_26/data/raw/chess_pieces/train/white_rook/white_rook_2_D1.png,1,rook,1,1
/home/set/projects/Solver_new_26/data/raw/chess_pieces/train/white_rook/white_rook_2_D2.png,1,rook,1,1
/home/set/projects/Solver_new_26/data/raw/chess_pieces/train/white_rook/white_rook_2_D3.png,1,rook,1,1
/home/set/projects/Solver_new_26/data/raw/chess_pieces/train/white_rook/white_rook_2_D4.png,1,rook,1,1
/home/set/projects/Solver_new_26/data/raw/chess_pieces/train/white_rook/white_rook_2_D5.png,1,rook,1,1
/home/set/projects/Solver_new_26/data/raw/chess_pieces/train/white_rook/white_rook_2_D6.png,1,rook,1,1
/home/set/projects/Solver_new_26/data/raw/chess_pieces/train/white_rook/white_rook_2_D7.png,1,rook,1,1
/home/set/projects/Solver_new_26/data/raw/chess_pieces/train/white_rook/white_rook_2_D8.png,1,rook,1,1
/home/set/projects/Solver_new_26/data/raw/chess_pieces/train/white_rook/white_rook_2_E1.png,1,rook,1,1
/home/set/projects/Solver_new_26/data/raw/chess_pieces/train/white_rook/white_rook_2_E2.png,1,rook,1,1
/home/set/projects/Solver_new_26/data/raw/chess_pieces/train/white_rook/white_rook_2_E3.png,1,rook,1,1
/home/set/projects/Solver_new_26/data/raw/chess_pieces/train/white_rook/white_rook_2_E4.png,1,rook,1,1
/home/set/projects/Solver_new_26/data/raw/chess_pieces/train/white_rook/white_rook_2_E5.png,1,rook,1,1
/home/set/projects/Solver_new_26/data/raw/chess_pieces/train/white_rook/white_rook_2_E6.png,1,rook,1,1
/home/set/projects/Solver_new_26/data/raw/chess_pieces/train/white_rook/white_rook_2_E7.png,1,rook,1,1
/home/set/projects/Solver_new_26/data/raw/chess_pieces/train/white_rook/white_rook_2_E8.png,1,rook,1,1
/home/set/projects/Solver_new_26/data/raw/chess_pieces/train/white_rook/white_rook_2_F1.png,1,rook,1,1
/home/set/projects/Solver_new_26/data/raw/chess_pieces/train/white_rook/white_rook_2_F2.png,1,rook,1,1
/home/set/projects/Solver_new_26/data/raw/chess_pieces/train/white_rook/white_rook_2_F3.png,1,rook,1,1
/home/set/projects/Solver_new_26/data/raw/chess_pieces/train/white_rook/white_rook_2_F4.png,1,rook,1,1
/home/set/projects/Solver_new_26/data/raw/chess_pieces/train/white_rook/white_rook_2_F5.png,1,rook,1,1
/home/set/projects/Solver_new_26/data/raw/chess_pieces/train/white_rook/white_rook_2_F6.png,1,rook,1,1
/home/set/projects/Solver_new_26/data/raw/chess_pieces/train/white_rook/white_rook_2_F7.png,1,rook,1,1
/home/set/projects/Solver_new_26/data/raw/chess_pieces/train/white_rook/white_rook_2_F8.png,1,rook,1,1
/home/set/projects/Solver_new_26/data/raw/chess_pieces/train/white_rook/white_rook_2_G1.png,1,rook,1,1
/home/set/projects/Solver_new_26/data/raw/chess_pieces/train/white_rook/white_rook_2_G2.png,1,rook,1,1
/home/set/projects/Solver_new_26/data/raw/chess_pieces/train/white_rook/white_rook_2_G3.png,1,rook,1,1
/home/set/projects/Solver_new_26/data/raw/chess_pieces/train/white_rook/white_rook_2_G4.png,1,rook,1,1
/home/set/projects/Solver_new_26/data/raw/chess_pieces/train/white_rook/white_rook_2_G5.png,1,rook,1,1
/home/set/projects/Solver_new_26/data/raw/chess_pieces/train/white_rook/white_rook_2_G6.png,1,rook,1,1
/home/set/projects/Solver_new_26/data/raw/chess_pieces/train/white_rook/white_rook_2_G7.png,1,rook,1,1
/home/set/projects/Solver_new_26/data/raw/chess_pieces/train/white_rook/white_rook_2_G8.png,1,rook,1,1
/home/set/projects/Solver_new_26/data/raw/chess_pieces/train/white_rook/white_rook_2_H1.png,1,rook,1,1
/home/set/projects/Solver_new_26/data/raw/chess_pieces/train/white_rook/white_rook_2_H2.png,1,rook,1,1
/home/set/projects/Solver_new_26/data/raw/chess_pieces/train/white_rook/white_rook_2_H3.png,1,rook,1,1
/home/set/projects/Solver_new_26/data/raw/chess_pieces/train/white_rook/white_rook_2_H4.png,1,rook,1,1
/home/set/projects/Solver_new_26/data/raw/chess_pieces/train/white_rook/white_rook_2_H5.png,1,rook,1,1
/home/set/projects/Solver_new_26/data/raw/chess_pieces/train/white_rook/white_rook_2_H6.png,1,rook,1,1
/home/set/projects/Solver_new_26/data/raw/chess_pieces/train/white_rook/white_rook_2_H7.png,1,rook,1,1
/home/set/projects/Solver_new_26/data/raw/chess_pieces/train/white_rook/white_rook_2_H8.png,1,rook,1,1
/home/set/projects/Solver_new_26/data/raw/chess_pieces/train/white_rook/white_rook_3_A1.png,1,rook,1,1
/home/set/projects/Solver_new_26/data/raw/chess_pieces/train/white_rook/white_rook_3_A2.png,1,rook,1,1
/home/set/projects/Solver_new_26/data/raw/chess_pieces/train/white_rook/white_rook_3_A3.png,1,rook,1,1
/home/set/projects/Solver_new_26/data/raw/chess_pieces/train/white_rook/white_rook_3_A4.png,1,rook,1,1
/home/set/projects/Solver_new_26/data/raw/chess_pieces/train/white_rook/white_rook_3_A5.png,1,rook,1,1
/home/set/projects/Solver_new_26/data/raw/chess_pieces/train/white_rook/white_rook_3_A6.png,1,rook,1,1
/home/set/projects/Solver_new_26/data/raw/chess_pieces/train/white_rook/white_rook_3_A7.png,1,rook,1,1
/home/set/projects/Solver_new_26/data/raw/chess_pieces/train/white_rook/white_rook_3_A8.png,1,rook,1,1
/home/set/projects/Solver_new_26/data/raw/chess_pieces/train/white_rook/white_rook_3_B1.png,1,rook,1,1
/home/set/projects/Solver_new_26/data/raw/chess_pieces/train/white_rook/white_rook_3_B2.png,1,rook,1,1
/home/set/projects/Solver_new_26/data/raw/chess_pieces/train/white_rook/white_rook_3_B3.png,1,rook,1,1
/home/set/projects/Solver_new_26/data/raw/chess_pieces/train/white_rook/white_rook_3_B4.png,1,rook,1,1
/home/set/projects/Solver_new_26/data/raw/chess_pieces/train/white_rook/white_rook_3_B5.png,1,rook,1,1
/home/set/projects/Solver_new_26/data/raw/chess_pieces/train/white_rook/white_rook_3_B6.png,1,rook,1,1
/home/set/projects/Solver_new_26/data/raw/chess_pieces/train/white_rook/white_rook_3_B7.png,1,rook,1,1
/home/set/projects/Solver_new_26/data/raw/chess_pieces/train/white_rook/white_rook_3_B8.png,1,rook,1,1
/home/set/projects/Solver_new_26/data/raw/chess_pieces/train/white_rook/white_rook_3_C1.png,1,rook,1,1
/home/set/projects/Solver_new_26/data/raw/chess_pieces/train/white_rook/white_rook_3_C2.png,1,rook,1,1
/home/set/projects/Solver_new_26/data/raw/chess_pieces/train/white_rook/white_rook_3_C3.png,1,rook,1,1
/home/set/projects/Solver_new_26/data/raw/chess_pieces/train/white_rook/white_rook_3_C4.png,1,rook,1,1
/home/set/projects/Solver_new_26/data/raw/chess_pieces/train/white_rook/white_rook_3_C5.png,1,rook,1,1
/home/set/projects/Solver_new_26/data/raw/chess_pieces/train/white_rook/white_rook_3_C6.png,1,rook,1,1
/home/set/projects/Solver_new_26/data/raw/chess_pieces/train/white_rook/white_rook_3_C7.png,1,rook,1,1
/home/set/projects/Solver_new_26/data/raw/chess_pieces/train/white_rook/white_rook_3_C8.png,1,rook,1,1
/home/set/projects/Solver_new_26/data/raw/chess_pieces/train/white_rook/white_rook_3_D1.png,1,rook,1,1
/home/set/projects/Solver_new_26/data/raw/chess_pieces/train/white_rook/white_rook_3_D2.png,1,rook,1,1
/home/set/projects/Solver_new_26/data/raw/chess_pieces/train/white_rook/white_rook_3_D3.png,1,rook,1,1
/home/set/projects/Solver_new_26/data/raw/chess_pieces/train/white_rook/white_rook_3_D4.png,1,rook,1,1
/home/set/projects/Solver_new_26/data/raw/chess_pieces/train/white_rook/white_rook_3_D5.png,1,rook,1,1
/home/set/projects/Solver_new_26/data/raw/chess_pieces/train/white_rook/white_rook_3_D6.png,1,rook,1,1
/home/set/projects/Solver_new_26/data/raw/chess_pieces/train/white_rook/white_rook_3_D7.png,1,rook,1,1
/home/set/projects/Solver_new_26/data/raw/chess_pieces/train/white_rook/white_rook_3_D8.png,1,rook,1,1
/home/set/projects/Solver_new_26/data/raw/chess_pieces/train/white_rook/white_rook_3_E1.png,1,rook,1,1
/home/set/projects/Solver_new_26/data/raw/chess_pieces/train/white_rook/white_rook_3_E2.png,1,rook,1,1
/home/set/projects/Solver_new_26/data/raw/chess_pieces/train/white_rook/white_rook_3_E3.png,1,rook,1,1
/home/set/projects/Solver_new_26/data/raw/chess_pieces/train/white_rook/white_rook_3_E4.png,1,rook,1,1
/home/set/projects/Solver_new_26/data/raw/chess_pieces/train/white_rook/white_rook_3_E5.png,1,rook,1,1
/home/set/projects/Solver_new_26/data/raw/chess_pieces/train/white_rook/white_rook_3_E6.png,1,rook,1,1
/home/set/projects/Solver_new_26/data/raw/chess_pieces/train/white_rook/white_rook_3_E7.png,1,rook,1,1
/home/set/projects/Solver_new_26/data/raw/chess_pieces/train/white_rook/white_rook_3_E8.png,1,rook,1,1
/home/set/projects/Solver_new_26/data/raw/chess_pieces/train/white_rook/white_rook_3_F1.png,1,rook,1,1
/home/set/projects/Solver_new_26/data/raw/chess_pieces/train/white_rook/white_rook_3_F2.png,1,rook,1,1
/home/set/projects/Solver_new_26/data/raw/chess_pieces/train/white_rook/white_rook_3_F3.png,1,rook,1,1
/home/set/projects/Solver_new_26/data/raw/chess_pieces/train/white_rook/white_rook_3_F4.png,1,rook,1,1
/home/set/projects/Solver_new_26/data/raw/chess_pieces/train/white_rook/white_rook_3_F5.png,1,rook,1,1
/home/set/projects/Solver_new_26/data/raw/chess_pieces/train/white_rook/white_rook_3_F6.png,1,rook,1,1
/home/set/projects/Solver_new_26/data/raw/chess_pieces/train/white_rook/white_rook_3_F7.png,1,rook,1,1
/home/set/projects/Solver_new_26/data/raw/chess_pieces/train/white_rook/white_rook_3_F8.png,1,rook,1,1
/home/set/projects/Solver_new_26/data/raw/chess_pieces/train/white_rook/white_rook_3_G1.png,1,rook,1,1
/home/set/projects/Solver_new_26/data/raw/chess_pieces/train/white_rook/white_rook_3_G2.png,1,rook,1,1
/home/set/projects/Solver_new_26/data/raw/chess_pieces/train/white_rook/white_rook_3_G3.png,1,rook,1,1
/home/set/projects/Solver_new_26/data/raw/chess_pieces/train/white_rook/white_rook_3_G4.png,1,rook,1,1
/home/set/projects/Solver_new_26/data/raw/chess_pieces/train/white_rook/white_rook_3_G5.png,1,rook,1,1
/home/set/projects/Solver_new_26/data/raw/chess_pieces/train/white_rook/white_rook_3_G6.png,1,rook,1,1
/home/set/projects/Solver_new_26/data/raw/chess_pieces/train/white_rook/white_rook_3_G7.png,1,rook,1,1
/home/set/projects/Solver_new_26/data/raw/chess_pieces/train/white_rook/white_rook_3_G8.png,1,rook,1,1
/home/set/projects/Solver_new_26/data/raw/chess_pieces/train/white_rook/white_rook_3_H1.png,1,rook,1,1
/home/set/projects/Solver_new_26/data/raw/chess_pieces/train/white_rook/white_rook_3_H2.png,1,rook,1,1
/home/set/projects/Solver_new_26/data/raw/chess_pieces/train/white_rook/white_rook_3_H3.png,1,rook,1,1
/home/set/projects/Solver_new_26/data/raw/chess_pieces/train/white_rook/white_rook_3_H4.png,1,rook,1,1
/home/set/projects/Solver_new_26/data/raw/chess_pieces/train/white_rook/white_rook_3_H5.png,1,rook,1,1
/home/set/projects/Solver_new_26/data/raw/chess_pieces/train/white_rook/white_rook_3_H6.png,1,rook,1,1
/home/set/projects/Solver_new_26/data/raw/chess_pieces/train/white_rook/white_rook_3_H7.png,1,rook,1,1
/home/set/projects/Solver_new_26/data/raw/chess_pieces/train/white_rook/white_rook_3_H8.png,1,rook,1,1
